"provenance_id","series_id","indicator","geographic_level","reference_period","target_period","published_at","available_at","vintage_id","availability_status","source_url","source_domain","forecast_issue_date","original_forecast_issue_date","survey_issue_period","forecast_producer","aggregation_basis","forecast_interval_kind","central_method","source_snapshot_sha256","source_pdf_sha256","source_text_sha256","source_file_relative","source_bytes","source_retrieved_at","source_table_sha256"
"macro_cb877c437c16fb2aa6ec6cb1bdbd66f248a22ebcb6053bbb4afb7c7042709487","national:forecast_inflation_dec_dec_pct:survey_participants","forecast_inflation_dec_dec_pct","national","2022","2022","","","cbr-current-fdd3b32693ac7cae:survey-2022-12","B","https://cbr.ru/Content/Document/File/144490/full.xlsx","cbr.ru","","","2022-12","survey_participants","december_to_december","respondent_min_max","respondent_median","fdd3b32693ac7cae212f38c091275351807d9e5fda6ffb55e539182b517da3f7","","","outputs/macro_data_audit_v1/raw/cbr/survey_full.xlsx","301574","2026-10-06T18:52:10.243174+00:00","3d78ca3923b1c160c3945539ed5197880f00625d6a84ba607a875acd59163a8d"
"macro_8765f0bc4746912acf61b5cf45dc456b7dba82af9dd72a34b1b878db35c12d63","national:forecast_inflation_dec_dec_pct:survey_participants","forecast_inflation_dec_dec_pct","national","2023","2023","","","cbr-current-fdd3b32693ac7cae:survey-2022-12","B","https://cbr.ru/Content/Document/File/144490/full.xlsx","cbr.ru","","","2022-12","survey_participants","december_to_december","respondent_min_max","respondent_median","fdd3b32693ac7cae212f38c091275351807d9e5fda6ffb55e539182b517da3f7","","","outputs/macro_data_audit_v1/raw/cbr/survey_full.xlsx","301574","2026-10-06T18:52:10.243174+00:00","3d78ca3923b1c160c3945539ed5197880f00625d6a84ba607a875acd59163a8d"
"macro_efe9a69546d4c4b22dab1329fc5f4ad78c8dbcd42f7b25d886c6626712f49fd1","national:forecast_inflation_dec_dec_pct:survey_participants","forecast_inflation_dec_dec_pct","national","2023","2023","","","cbr-current-fdd3b32693ac7cae:survey-2023-02","B","https://cbr.ru/Content/Document/File/144490/full.xlsx","cbr.ru","","","2023-02","survey_participants","december_to_december","respondent_min_max","respondent_median","fdd3b32693ac7cae212f38c091275351807d9e5fda6ffb55e539182b517da3f7","","","outputs/macro_data_audit_v1/raw/cbr/survey_full.xlsx","301574","2026-10-06T18:52:10.243174+00:00","3d78ca3923b1c160c3945539ed5197880f00625d6a84ba607a875acd59163a8d"
"macro_c79add599970c878f0bc94c527790e1c143130fcb08689939e35e9bea5e4d1d0","national:forecast_inflation_dec_dec_pct:survey_participants","forecast_inflation_dec_dec_pct","national","2023","2023","","","cbr-current-fdd3b32693ac7cae:survey-2023-03","B","https://cbr.ru/Content/Document/File/144490/full.xlsx","cbr.ru","","","2023-03","survey_participants","december_to_december","respondent_min_max","respondent_median","fdd3b32693ac7cae212f38c091275351807d9e5fda6ffb55e539182b517da3f7","","","outputs/macro_data_audit_v1/raw/cbr/survey_full.xlsx","301574","2026-10-06T18:52:10.243174+00:00","3d78ca3923b1c160c3945539ed5197880f00625d6a84ba607a875acd59163a8d"
"macro_f8c475008c4558933f4db1b44ace01a96f3389691052dad26d483e07fbca003b","national:forecast_inflation_dec_dec_pct:survey_participants","forecast_inflation_dec_dec_pct","national","2023","2023","","","cbr-current-fdd3b32693ac7cae:survey-2023-04","B","https://cbr.ru/Content/Document/File/144490/full.xlsx","cbr.ru","","","2023-04","survey_participants","december_to_december","respondent_min_max","respondent_median","fdd3b32693ac7cae212f38c091275351807d9e5fda6ffb55e539182b517da3f7","","","outputs/macro_data_audit_v1/raw/cbr/survey_full.xlsx","301574","2026-10-06T18:52:10.243174+00:00","3d78ca3923b1c160c3945539ed5197880f00625d6a84ba607a875acd59163a8d"
"macro_fe56d2f5f3ab0968e3a96c723e6d83b91966c7be5a0ba92d61c75a7b5a0221f4","national:forecast_inflation_dec_dec_pct:survey_participants","forecast_inflation_dec_dec_pct","national","2023","2023","","","cbr-current-fdd3b32693ac7cae:survey-2023-06","B","https://cbr.ru/Content/Document/File/144490/full.xlsx","cbr.ru","","","2023-06","survey_participants","december_to_december","respondent_min_max","respondent_median","fdd3b32693ac7cae212f38c091275351807d9e5fda6ffb55e539182b517da3f7","","","outputs/macro_data_audit_v1/raw/cbr/survey_full.xlsx","301574","2026-10-06T18:52:10.243174+00:00","3d78ca3923b1c160c3945539ed5197880f00625d6a84ba607a875acd59163a8d"
"macro_93ef822f4b5f2d3f0c6160eb2ac67c43c5d7ec122e7b4cee33e6566e49559a26","national:forecast_inflation_dec_dec_pct:survey_participants","forecast_inflation_dec_dec_pct","national","2023","2023","","","cbr-current-fdd3b32693ac7cae:survey-2023-07","B","https://cbr.ru/Content/Document/File/144490/full.xlsx","cbr.ru","","","2023-07","survey_participants","december_to_december","respondent_min_max","respondent_median","fdd3b32693ac7cae212f38c091275351807d9e5fda6ffb55e539182b517da3f7","","","outputs/macro_data_audit_v1/raw/cbr/survey_full.xlsx","301574","2026-10-06T18:52:10.243174+00:00","3d78ca3923b1c160c3945539ed5197880f00625d6a84ba607a875acd59163a8d"
"macro_0c79ae87f79f22c74d16b47e9520fcf8c0de533fa49efda2a28460955d046ad1","national:forecast_inflation_dec_dec_pct:survey_participants","forecast_inflation_dec_dec_pct","national","2023","2023","","","cbr-current-fdd3b32693ac7cae:survey-2023-09","B","https://cbr.ru/Content/Document/File/144490/full.xlsx","cbr.ru","","","2023-09","survey_participants","december_to_december","respondent_min_max","respondent_median","fdd3b32693ac7cae212f38c091275351807d9e5fda6ffb55e539182b517da3f7","","","outputs/macro_data_audit_v1/raw/cbr/survey_full.xlsx","301574","2026-10-06T18:52:10.243174+00:00","3d78ca3923b1c160c3945539ed5197880f00625d6a84ba607a875acd59163a8d"
"macro_6818a65c11c01fd79fc0feb6f1ddfd11c1e92e95d4a331693313f3c2e6b0162a","national:forecast_inflation_dec_dec_pct:survey_participants","forecast_inflation_dec_dec_pct","national","2023","2023","","","cbr-current-fdd3b32693ac7cae:survey-2023-10","B","https://cbr.ru/Content/Document/File/144490/full.xlsx","cbr.ru","","","2023-10","survey_participants","december_to_december","respondent_min_max","respondent_median","fdd3b32693ac7cae212f38c091275351807d9e5fda6ffb55e539182b517da3f7","","","outputs/macro_data_audit_v1/raw/cbr/survey_full.xlsx","301574","2026-10-06T18:52:10.243174+00:00","3d78ca3923b1c160c3945539ed5197880f00625d6a84ba607a875acd59163a8d"
"macro_060d5040c2e9be8a3fe87536f0c823dfd36e2d68ac387c2ce4945c2288be44dc","national:forecast_inflation_dec_dec_pct:survey_participants","forecast_inflation_dec_dec_pct","national","2023","2023","","","cbr-current-fdd3b32693ac7cae:survey-2023-12","B","https://cbr.ru/Content/Document/File/144490/full.xlsx","cbr.ru","","","2023-12","survey_participants","december_to_december","respondent_min_max","respondent_median","fdd3b32693ac7cae212f38c091275351807d9e5fda6ffb55e539182b517da3f7","","","outputs/macro_data_audit_v1/raw/cbr/survey_full.xlsx","301574","2026-10-06T18:52:10.243174+00:00","3d78ca3923b1c160c3945539ed5197880f00625d6a84ba607a875acd59163a8d"
"macro_e5813057a3ded991232bfdffc5d92d6b19ca61624f68f59307f02e54374e1da8","national:forecast_inflation_dec_dec_pct:survey_participants","forecast_inflation_dec_dec_pct","national","2024","2024","","","cbr-current-fdd3b32693ac7cae:survey-2022-12","B","https://cbr.ru/Content/Document/File/144490/full.xlsx","cbr.ru","","","2022-12","survey_participants","december_to_december","respondent_min_max","respondent_median","fdd3b32693ac7cae212f38c091275351807d9e5fda6ffb55e539182b517da3f7","","","outputs/macro_data_audit_v1/raw/cbr/survey_full.xlsx","301574","2026-10-06T18:52:10.243174+00:00","3d78ca3923b1c160c3945539ed5197880f00625d6a84ba607a875acd59163a8d"
"macro_6c84c48699381603630cafd9081e8b8e0665926682fd3363fe8e5b4d9b11aa13","national:forecast_inflation_dec_dec_pct:survey_participants","forecast_inflation_dec_dec_pct","national","2024","2024","","","cbr-current-fdd3b32693ac7cae:survey-2023-02","B","https://cbr.ru/Content/Document/File/144490/full.xlsx","cbr.ru","","","2023-02","survey_participants","december_to_december","respondent_min_max","respondent_median","fdd3b32693ac7cae212f38c091275351807d9e5fda6ffb55e539182b517da3f7","","","outputs/macro_data_audit_v1/raw/cbr/survey_full.xlsx","301574","2026-10-06T18:52:10.243174+00:00","3d78ca3923b1c160c3945539ed5197880f00625d6a84ba607a875acd59163a8d"
"macro_3cee7243d1b7f641914a0f0d62e56014f8611850c62c727b13650a28bb052348","national:forecast_inflation_dec_dec_pct:survey_participants","forecast_inflation_dec_dec_pct","national","2024","2024","","","cbr-current-fdd3b32693ac7cae:survey-2023-03","B","https://cbr.ru/Content/Document/File/144490/full.xlsx","cbr.ru","","","2023-03","survey_participants","december_to_december","respondent_min_max","respondent_median","fdd3b32693ac7cae212f38c091275351807d9e5fda6ffb55e539182b517da3f7","","","outputs/macro_data_audit_v1/raw/cbr/survey_full.xlsx","301574","2026-10-06T18:52:10.243174+00:00","3d78ca3923b1c160c3945539ed5197880f00625d6a84ba607a875acd59163a8d"
"macro_f428456f50d41c39b45685cbb00805e7cf43d51b36f622a55e934e898eca079f","national:forecast_inflation_dec_dec_pct:survey_participants","forecast_inflation_dec_dec_pct","national","2024","2024","","","cbr-current-fdd3b32693ac7cae:survey-2023-04","B","https://cbr.ru/Content/Document/File/144490/full.xlsx","cbr.ru","","","2023-04","survey_participants","december_to_december","respondent_min_max","respondent_median","fdd3b32693ac7cae212f38c091275351807d9e5fda6ffb55e539182b517da3f7","","","outputs/macro_data_audit_v1/raw/cbr/survey_full.xlsx","301574","2026-10-06T18:52:10.243174+00:00","3d78ca3923b1c160c3945539ed5197880f00625d6a84ba607a875acd59163a8d"
"macro_481f2a0820c580bb5d6e79fc52a9df7e062cd8e41bffd35f0d01e2ebf25b977f","national:forecast_inflation_dec_dec_pct:survey_participants","forecast_inflation_dec_dec_pct","national","2024","2024","","","cbr-current-fdd3b32693ac7cae:survey-2023-06","B","https://cbr.ru/Content/Document/File/144490/full.xlsx","cbr.ru","","","2023-06","survey_participants","december_to_december","respondent_min_max","respondent_median","fdd3b32693ac7cae212f38c091275351807d9e5fda6ffb55e539182b517da3f7","","","outputs/macro_data_audit_v1/raw/cbr/survey_full.xlsx","301574","2026-10-06T18:52:10.243174+00:00","3d78ca3923b1c160c3945539ed5197880f00625d6a84ba607a875acd59163a8d"
"macro_77150b3876cb3b31347417c0be0a98753f0f4d9aadddf948e051c09a41cc1765","national:forecast_inflation_dec_dec_pct:survey_participants","forecast_inflation_dec_dec_pct","national","2024","2024","","","cbr-current-fdd3b32693ac7cae:survey-2023-07","B","https://cbr.ru/Content/Document/File/144490/full.xlsx","cbr.ru","","","2023-07","survey_participants","december_to_december","respondent_min_max","respondent_median","fdd3b32693ac7cae212f38c091275351807d9e5fda6ffb55e539182b517da3f7","","","outputs/macro_data_audit_v1/raw/cbr/survey_full.xlsx","301574","2026-10-06T18:52:10.243174+00:00","3d78ca3923b1c160c3945539ed5197880f00625d6a84ba607a875acd59163a8d"
"macro_495dbf065fd53e29260af7724c39bb9c71edaa77ca47e8a63a66438c467e03ad","national:forecast_inflation_dec_dec_pct:survey_participants","forecast_inflation_dec_dec_pct","national","2024","2024","","","cbr-current-fdd3b32693ac7cae:survey-2023-09","B","https://cbr.ru/Content/Document/File/144490/full.xlsx","cbr.ru","","","2023-09","survey_participants","december_to_december","respondent_min_max","respondent_median","fdd3b32693ac7cae212f38c091275351807d9e5fda6ffb55e539182b517da3f7","","","outputs/macro_data_audit_v1/raw/cbr/survey_full.xlsx","301574","2026-10-06T18:52:10.243174+00:00","3d78ca3923b1c160c3945539ed5197880f00625d6a84ba607a875acd59163a8d"
"macro_6ed496508f02200b595bb47bc76dd1640b5d1e51b03985835e57b34f02a230cd","national:forecast_inflation_dec_dec_pct:survey_participants","forecast_inflation_dec_dec_pct","national","2024","2024","","","cbr-current-fdd3b32693ac7cae:survey-2023-10","B","https://cbr.ru/Content/Document/File/144490/full.xlsx","cbr.ru","","","2023-10","survey_participants","december_to_december","respondent_min_max","respondent_median","fdd3b32693ac7cae212f38c091275351807d9e5fda6ffb55e539182b517da3f7","","","outputs/macro_data_audit_v1/raw/cbr/survey_full.xlsx","301574","2026-10-06T18:52:10.243174+00:00","3d78ca3923b1c160c3945539ed5197880f00625d6a84ba607a875acd59163a8d"
"macro_0bbdcfadfc9ff3f1930de6da58103b9f385e442e17d32ce0f6bfe8cd10477ec3","national:forecast_inflation_dec_dec_pct:survey_participants","forecast_inflation_dec_dec_pct","national","2024","2024","","","cbr-current-fdd3b32693ac7cae:survey-2023-12","B","https://cbr.ru/Content/Document/File/144490/full.xlsx","cbr.ru","","","2023-12","survey_participants","december_to_december","respondent_min_max","respondent_median","fdd3b32693ac7cae212f38c091275351807d9e5fda6ffb55e539182b517da3f7","","","outputs/macro_data_audit_v1/raw/cbr/survey_full.xlsx","301574","2026-10-06T18:52:10.243174+00:00","3d78ca3923b1c160c3945539ed5197880f00625d6a84ba607a875acd59163a8d"
"macro_8269747804500899651e27c67a8671ba0dd56215515852b7184403343c61c392","national:forecast_inflation_dec_dec_pct:survey_participants","forecast_inflation_dec_dec_pct","national","2024","2024","","","cbr-current-fdd3b32693ac7cae:survey-2024-02","B","https://cbr.ru/Content/Document/File/144490/full.xlsx","cbr.ru","","","2024-02","survey_participants","december_to_december","respondent_min_max","respondent_median","fdd3b32693ac7cae212f38c091275351807d9e5fda6ffb55e539182b517da3f7","","","outputs/macro_data_audit_v1/raw/cbr/survey_full.xlsx","301574","2026-10-06T18:52:10.243174+00:00","3d78ca3923b1c160c3945539ed5197880f00625d6a84ba607a875acd59163a8d"
"macro_aa5e33bc40e16fc2220bbe4fb3998150012d544de96501fe83cb907a5a48c1cc","national:forecast_inflation_dec_dec_pct:survey_participants","forecast_inflation_dec_dec_pct","national","2024","2024","","","cbr-current-fdd3b32693ac7cae:survey-2024-03","B","https://cbr.ru/Content/Document/File/144490/full.xlsx","cbr.ru","","","2024-03","survey_participants","december_to_december","respondent_min_max","respondent_median","fdd3b32693ac7cae212f38c091275351807d9e5fda6ffb55e539182b517da3f7","","","outputs/macro_data_audit_v1/raw/cbr/survey_full.xlsx","301574","2026-10-06T18:52:10.243174+00:00","3d78ca3923b1c160c3945539ed5197880f00625d6a84ba607a875acd59163a8d"
"macro_9a1f3d3fc33d2a5dc591e6304f569f8acc5f11505d1c30fe1d42e1b4d0758be6","national:forecast_inflation_dec_dec_pct:survey_participants","forecast_inflation_dec_dec_pct","national","2024","2024","","","cbr-current-fdd3b32693ac7cae:survey-2024-04","B","https://cbr.ru/Content/Document/File/144490/full.xlsx","cbr.ru","","","2024-04","survey_participants","december_to_december","respondent_min_max","respondent_median","fdd3b32693ac7cae212f38c091275351807d9e5fda6ffb55e539182b517da3f7","","","outputs/macro_data_audit_v1/raw/cbr/survey_full.xlsx","301574","2026-10-06T18:52:10.243174+00:00","3d78ca3923b1c160c3945539ed5197880f00625d6a84ba607a875acd59163a8d"
"macro_3996a1aba3c842576b4b7e3d05c478395dcfa7e78299545f602d3e0bbfcc6256","national:forecast_inflation_dec_dec_pct:survey_participants","forecast_inflation_dec_dec_pct","national","2024","2024","","","cbr-current-fdd3b32693ac7cae:survey-2024-05","B","https://cbr.ru/Content/Document/File/144490/full.xlsx","cbr.ru","","","2024-05","survey_participants","december_to_december","respondent_min_max","respondent_median","fdd3b32693ac7cae212f38c091275351807d9e5fda6ffb55e539182b517da3f7","","","outputs/macro_data_audit_v1/raw/cbr/survey_full.xlsx","301574","2026-10-06T18:52:10.243174+00:00","3d78ca3923b1c160c3945539ed5197880f00625d6a84ba607a875acd59163a8d"
"macro_71b8139857c61f7c060184d5ae02878ec9a5144a0e40a0e756f492bf941c913c","national:forecast_inflation_dec_dec_pct:survey_participants","forecast_inflation_dec_dec_pct","national","2024","2024","","","cbr-current-fdd3b32693ac7cae:survey-2024-07","B","https://cbr.ru/Content/Document/File/144490/full.xlsx","cbr.ru","","","2024-07","survey_participants","december_to_december","respondent_min_max","respondent_median","fdd3b32693ac7cae212f38c091275351807d9e5fda6ffb55e539182b517da3f7","","","outputs/macro_data_audit_v1/raw/cbr/survey_full.xlsx","301574","2026-10-06T18:52:10.243174+00:00","3d78ca3923b1c160c3945539ed5197880f00625d6a84ba607a875acd59163a8d"
"macro_27686341ff1f41f1a7b4a8d36419e88275fd0f9bb6c4780dc253c58c8c8bc9a6","national:forecast_inflation_dec_dec_pct:survey_participants","forecast_inflation_dec_dec_pct","national","2024","2024","","","cbr-current-fdd3b32693ac7cae:survey-2024-09","B","https://cbr.ru/Content/Document/File/144490/full.xlsx","cbr.ru","","","2024-09","survey_participants","december_to_december","respondent_min_max","respondent_median","fdd3b32693ac7cae212f38c091275351807d9e5fda6ffb55e539182b517da3f7","","","outputs/macro_data_audit_v1/raw/cbr/survey_full.xlsx","301574","2026-10-06T18:52:10.243174+00:00","3d78ca3923b1c160c3945539ed5197880f00625d6a84ba607a875acd59163a8d"
"macro_e9542ba686ba171fdc14df8a4ac63450b7929789935e25021e62dcb66e847629","national:forecast_inflation_dec_dec_pct:survey_participants","forecast_inflation_dec_dec_pct","national","2024","2024","","","cbr-current-fdd3b32693ac7cae:survey-2024-10","B","https://cbr.ru/Content/Document/File/144490/full.xlsx","cbr.ru","","","2024-10","survey_participants","december_to_december","respondent_min_max","respondent_median","fdd3b32693ac7cae212f38c091275351807d9e5fda6ffb55e539182b517da3f7","","","outputs/macro_data_audit_v1/raw/cbr/survey_full.xlsx","301574","2026-10-06T18:52:10.243174+00:00","3d78ca3923b1c160c3945539ed5197880f00625d6a84ba607a875acd59163a8d"
"macro_b1a069dde40c7f76073c27a1e50e56d701b1486441d14092e4b5317998f0b26a","national:forecast_inflation_dec_dec_pct:survey_participants","forecast_inflation_dec_dec_pct","national","2025","2025","","","cbr-current-fdd3b32693ac7cae:survey-2022-12","B","https://cbr.ru/Content/Document/File/144490/full.xlsx","cbr.ru","","","2022-12","survey_participants","december_to_december","respondent_min_max","respondent_median","fdd3b32693ac7cae212f38c091275351807d9e5fda6ffb55e539182b517da3f7","","","outputs/macro_data_audit_v1/raw/cbr/survey_full.xlsx","301574","2026-10-06T18:52:10.243174+00:00","3d78ca3923b1c160c3945539ed5197880f00625d6a84ba607a875acd59163a8d"
"macro_e15b23d77809bad4144eb9477a3b774a41d503a42b55d61e8fdbefbdca2c0196","national:forecast_inflation_dec_dec_pct:survey_participants","forecast_inflation_dec_dec_pct","national","2025","2025","","","cbr-current-fdd3b32693ac7cae:survey-2023-02","B","https://cbr.ru/Content/Document/File/144490/full.xlsx","cbr.ru","","","2023-02","survey_participants","december_to_december","respondent_min_max","respondent_median","fdd3b32693ac7cae212f38c091275351807d9e5fda6ffb55e539182b517da3f7","","","outputs/macro_data_audit_v1/raw/cbr/survey_full.xlsx","301574","2026-10-06T18:52:10.243174+00:00","3d78ca3923b1c160c3945539ed5197880f00625d6a84ba607a875acd59163a8d"
"macro_10a85f0903019c80475a5f7aee09cc570b466eeb5fa5887e6f67ca9828c4d75f","national:forecast_inflation_dec_dec_pct:survey_participants","forecast_inflation_dec_dec_pct","national","2025","2025","","","cbr-current-fdd3b32693ac7cae:survey-2023-03","B","https://cbr.ru/Content/Document/File/144490/full.xlsx","cbr.ru","","","2023-03","survey_participants","december_to_december","respondent_min_max","respondent_median","fdd3b32693ac7cae212f38c091275351807d9e5fda6ffb55e539182b517da3f7","","","outputs/macro_data_audit_v1/raw/cbr/survey_full.xlsx","301574","2026-10-06T18:52:10.243174+00:00","3d78ca3923b1c160c3945539ed5197880f00625d6a84ba607a875acd59163a8d"
"macro_a99323413c1503d1905b70e83679dc023175f4f405afb2072a6c5f6d6ee55ec5","national:forecast_inflation_dec_dec_pct:survey_participants","forecast_inflation_dec_dec_pct","national","2025","2025","","","cbr-current-fdd3b32693ac7cae:survey-2023-04","B","https://cbr.ru/Content/Document/File/144490/full.xlsx","cbr.ru","","","2023-04","survey_participants","december_to_december","respondent_min_max","respondent_median","fdd3b32693ac7cae212f38c091275351807d9e5fda6ffb55e539182b517da3f7","","","outputs/macro_data_audit_v1/raw/cbr/survey_full.xlsx","301574","2026-10-06T18:52:10.243174+00:00","3d78ca3923b1c160c3945539ed5197880f00625d6a84ba607a875acd59163a8d"
"macro_e838ebcef49483891db94594f341b23cadd9e15cbbe4de98c3c5ce6d98bf289a","national:forecast_inflation_dec_dec_pct:survey_participants","forecast_inflation_dec_dec_pct","national","2025","2025","","","cbr-current-fdd3b32693ac7cae:survey-2023-06","B","https://cbr.ru/Content/Document/File/144490/full.xlsx","cbr.ru","","","2023-06","survey_participants","december_to_december","respondent_min_max","respondent_median","fdd3b32693ac7cae212f38c091275351807d9e5fda6ffb55e539182b517da3f7","","","outputs/macro_data_audit_v1/raw/cbr/survey_full.xlsx","301574","2026-10-06T18:52:10.243174+00:00","3d78ca3923b1c160c3945539ed5197880f00625d6a84ba607a875acd59163a8d"
"macro_26f4d75347749129ef0e2e5a42b9a055f3a7283662498be3df2e0eb6a568c43e","national:forecast_inflation_dec_dec_pct:survey_participants","forecast_inflation_dec_dec_pct","national","2025","2025","","","cbr-current-fdd3b32693ac7cae:survey-2023-07","B","https://cbr.ru/Content/Document/File/144490/full.xlsx","cbr.ru","","","2023-07","survey_participants","december_to_december","respondent_min_max","respondent_median","fdd3b32693ac7cae212f38c091275351807d9e5fda6ffb55e539182b517da3f7","","","outputs/macro_data_audit_v1/raw/cbr/survey_full.xlsx","301574","2026-10-06T18:52:10.243174+00:00","3d78ca3923b1c160c3945539ed5197880f00625d6a84ba607a875acd59163a8d"
"macro_f1b8789b8c222a6ac63466b1295354b999d68a4b839f78b6b432125d3ae1cf56","national:forecast_inflation_dec_dec_pct:survey_participants","forecast_inflation_dec_dec_pct","national","2025","2025","","","cbr-current-fdd3b32693ac7cae:survey-2023-09","B","https://cbr.ru/Content/Document/File/144490/full.xlsx","cbr.ru","","","2023-09","survey_participants","december_to_december","respondent_min_max","respondent_median","fdd3b32693ac7cae212f38c091275351807d9e5fda6ffb55e539182b517da3f7","","","outputs/macro_data_audit_v1/raw/cbr/survey_full.xlsx","301574","2026-10-06T18:52:10.243174+00:00","3d78ca3923b1c160c3945539ed5197880f00625d6a84ba607a875acd59163a8d"
"macro_83087f6827902366cc1c347be80b284a07e3677f333df0c3236d8e4bd885667f","national:forecast_inflation_dec_dec_pct:survey_participants","forecast_inflation_dec_dec_pct","national","2025","2025","","","cbr-current-fdd3b32693ac7cae:survey-2023-10","B","https://cbr.ru/Content/Document/File/144490/full.xlsx","cbr.ru","","","2023-10","survey_participants","december_to_december","respondent_min_max","respondent_median","fdd3b32693ac7cae212f38c091275351807d9e5fda6ffb55e539182b517da3f7","","","outputs/macro_data_audit_v1/raw/cbr/survey_full.xlsx","301574","2026-10-06T18:52:10.243174+00:00","3d78ca3923b1c160c3945539ed5197880f00625d6a84ba607a875acd59163a8d"
"macro_66fe1d735c5d5f1a7d74848e4e2358206e067994522e3b76edad10bf65b56a9a","national:forecast_inflation_dec_dec_pct:survey_participants","forecast_inflation_dec_dec_pct","national","2025","2025","","","cbr-current-fdd3b32693ac7cae:survey-2023-12","B","https://cbr.ru/Content/Document/File/144490/full.xlsx","cbr.ru","","","2023-12","survey_participants","december_to_december","respondent_min_max","respondent_median","fdd3b32693ac7cae212f38c091275351807d9e5fda6ffb55e539182b517da3f7","","","outputs/macro_data_audit_v1/raw/cbr/survey_full.xlsx","301574","2026-10-06T18:52:10.243174+00:00","3d78ca3923b1c160c3945539ed5197880f00625d6a84ba607a875acd59163a8d"
"macro_401782f46b8b3db468ba4aa7b432af6cfe033e531e3c336fa63437444082f838","national:forecast_inflation_dec_dec_pct:survey_participants","forecast_inflation_dec_dec_pct","national","2025","2025","","","cbr-current-fdd3b32693ac7cae:survey-2024-02","B","https://cbr.ru/Content/Document/File/144490/full.xlsx","cbr.ru","","","2024-02","survey_participants","december_to_december","respondent_min_max","respondent_median","fdd3b32693ac7cae212f38c091275351807d9e5fda6ffb55e539182b517da3f7","","","outputs/macro_data_audit_v1/raw/cbr/survey_full.xlsx","301574","2026-10-06T18:52:10.243174+00:00","3d78ca3923b1c160c3945539ed5197880f00625d6a84ba607a875acd59163a8d"
"macro_0a2fe1338c4e9883bc32594ab5010b44615761a1a7303530092914bec36f3b0f","national:forecast_inflation_dec_dec_pct:survey_participants","forecast_inflation_dec_dec_pct","national","2025","2025","","","cbr-current-fdd3b32693ac7cae:survey-2024-03","B","https://cbr.ru/Content/Document/File/144490/full.xlsx","cbr.ru","","","2024-03","survey_participants","december_to_december","respondent_min_max","respondent_median","fdd3b32693ac7cae212f38c091275351807d9e5fda6ffb55e539182b517da3f7","","","outputs/macro_data_audit_v1/raw/cbr/survey_full.xlsx","301574","2026-10-06T18:52:10.243174+00:00","3d78ca3923b1c160c3945539ed5197880f00625d6a84ba607a875acd59163a8d"
"macro_2789aebb7c485ba3083fdddf4cd2c04af90ba5520f0b801d5ffe0441a178baef","national:forecast_inflation_dec_dec_pct:survey_participants","forecast_inflation_dec_dec_pct","national","2025","2025","","","cbr-current-fdd3b32693ac7cae:survey-2024-04","B","https://cbr.ru/Content/Document/File/144490/full.xlsx","cbr.ru","","","2024-04","survey_participants","december_to_december","respondent_min_max","respondent_median","fdd3b32693ac7cae212f38c091275351807d9e5fda6ffb55e539182b517da3f7","","","outputs/macro_data_audit_v1/raw/cbr/survey_full.xlsx","301574","2026-10-06T18:52:10.243174+00:00","3d78ca3923b1c160c3945539ed5197880f00625d6a84ba607a875acd59163a8d"
"macro_b7b8e73c61171ca3fa3a6bc3e6db11c76db850b0aaf352d83dbe2028bb4805a0","national:forecast_inflation_dec_dec_pct:survey_participants","forecast_inflation_dec_dec_pct","national","2025","2025","","","cbr-current-fdd3b32693ac7cae:survey-2024-05","B","https://cbr.ru/Content/Document/File/144490/full.xlsx","cbr.ru","","","2024-05","survey_participants","december_to_december","respondent_min_max","respondent_median","fdd3b32693ac7cae212f38c091275351807d9e5fda6ffb55e539182b517da3f7","","","outputs/macro_data_audit_v1/raw/cbr/survey_full.xlsx","301574","2026-10-06T18:52:10.243174+00:00","3d78ca3923b1c160c3945539ed5197880f00625d6a84ba607a875acd59163a8d"
"macro_143ed726b3b70b75c1d49ee18ad1018e7431438155dc4fa35a88fa7404e959fb","national:forecast_inflation_dec_dec_pct:survey_participants","forecast_inflation_dec_dec_pct","national","2025","2025","","","cbr-current-fdd3b32693ac7cae:survey-2024-07","B","https://cbr.ru/Content/Document/File/144490/full.xlsx","cbr.ru","","","2024-07","survey_participants","december_to_december","respondent_min_max","respondent_median","fdd3b32693ac7cae212f38c091275351807d9e5fda6ffb55e539182b517da3f7","","","outputs/macro_data_audit_v1/raw/cbr/survey_full.xlsx","301574","2026-10-06T18:52:10.243174+00:00","3d78ca3923b1c160c3945539ed5197880f00625d6a84ba607a875acd59163a8d"
"macro_2e826b2df1669a99445cc2d4d8b101630811836a622bccf9a0008e05b15c7759","national:forecast_inflation_dec_dec_pct:survey_participants","forecast_inflation_dec_dec_pct","national","2025","2025","","","cbr-current-fdd3b32693ac7cae:survey-2024-09","B","https://cbr.ru/Content/Document/File/144490/full.xlsx","cbr.ru","","","2024-09","survey_participants","december_to_december","respondent_min_max","respondent_median","fdd3b32693ac7cae212f38c091275351807d9e5fda6ffb55e539182b517da3f7","","","outputs/macro_data_audit_v1/raw/cbr/survey_full.xlsx","301574","2026-10-06T18:52:10.243174+00:00","3d78ca3923b1c160c3945539ed5197880f00625d6a84ba607a875acd59163a8d"
"macro_cdbfb7795da10a3f7eb709ddb11f1b25276d75247f06b06e75f3045ca07b49bb","national:forecast_inflation_dec_dec_pct:survey_participants","forecast_inflation_dec_dec_pct","national","2025","2025","","","cbr-current-fdd3b32693ac7cae:survey-2024-10","B","https://cbr.ru/Content/Document/File/144490/full.xlsx","cbr.ru","","","2024-10","survey_participants","december_to_december","respondent_min_max","respondent_median","fdd3b32693ac7cae212f38c091275351807d9e5fda6ffb55e539182b517da3f7","","","outputs/macro_data_audit_v1/raw/cbr/survey_full.xlsx","301574","2026-10-06T18:52:10.243174+00:00","3d78ca3923b1c160c3945539ed5197880f00625d6a84ba607a875acd59163a8d"
"macro_9d37596e6a4c90ba856cc88444562af986862db4f95bfacfceb15d67fa814257","national:forecast_inflation_dec_dec_pct:survey_participants","forecast_inflation_dec_dec_pct","national","2026","2026","","","cbr-current-fdd3b32693ac7cae:survey-2023-09","B","https://cbr.ru/Content/Document/File/144490/full.xlsx","cbr.ru","","","2023-09","survey_participants","december_to_december","respondent_min_max","respondent_median","fdd3b32693ac7cae212f38c091275351807d9e5fda6ffb55e539182b517da3f7","","","outputs/macro_data_audit_v1/raw/cbr/survey_full.xlsx","301574","2026-10-06T18:52:10.243174+00:00","3d78ca3923b1c160c3945539ed5197880f00625d6a84ba607a875acd59163a8d"
"macro_2e5c4372db18ab7d23c14f0a0d303b45dc54faa87097f8baf264cb25d94f0f04","national:forecast_inflation_dec_dec_pct:survey_participants","forecast_inflation_dec_dec_pct","national","2026","2026","","","cbr-current-fdd3b32693ac7cae:survey-2023-10","B","https://cbr.ru/Content/Document/File/144490/full.xlsx","cbr.ru","","","2023-10","survey_participants","december_to_december","respondent_min_max","respondent_median","fdd3b32693ac7cae212f38c091275351807d9e5fda6ffb55e539182b517da3f7","","","outputs/macro_data_audit_v1/raw/cbr/survey_full.xlsx","301574","2026-10-06T18:52:10.243174+00:00","3d78ca3923b1c160c3945539ed5197880f00625d6a84ba607a875acd59163a8d"
"macro_c6027b67ce882e1b2bea3214d686d81227a05d8e29a2104ce0d694bd7ed57ee0","national:forecast_inflation_dec_dec_pct:survey_participants","forecast_inflation_dec_dec_pct","national","2026","2026","","","cbr-current-fdd3b32693ac7cae:survey-2023-12","B","https://cbr.ru/Content/Document/File/144490/full.xlsx","cbr.ru","","","2023-12","survey_participants","december_to_december","respondent_min_max","respondent_median","fdd3b32693ac7cae212f38c091275351807d9e5fda6ffb55e539182b517da3f7","","","outputs/macro_data_audit_v1/raw/cbr/survey_full.xlsx","301574","2026-10-06T18:52:10.243174+00:00","3d78ca3923b1c160c3945539ed5197880f00625d6a84ba607a875acd59163a8d"
"macro_95a22aadbe4479639f73f647a3f60bac31076e6e73570c50698a385edd9b0cae","national:forecast_inflation_dec_dec_pct:survey_participants","forecast_inflation_dec_dec_pct","national","2026","2026","","","cbr-current-fdd3b32693ac7cae:survey-2024-02","B","https://cbr.ru/Content/Document/File/144490/full.xlsx","cbr.ru","","","2024-02","survey_participants","december_to_december","respondent_min_max","respondent_median","fdd3b32693ac7cae212f38c091275351807d9e5fda6ffb55e539182b517da3f7","","","outputs/macro_data_audit_v1/raw/cbr/survey_full.xlsx","301574","2026-10-06T18:52:10.243174+00:00","3d78ca3923b1c160c3945539ed5197880f00625d6a84ba607a875acd59163a8d"
"macro_c1b39c51aa46421a72cfb78010d7bdd7d4e3ef501e061c4ad1ebe667da0de635","national:forecast_inflation_dec_dec_pct:survey_participants","forecast_inflation_dec_dec_pct","national","2026","2026","","","cbr-current-fdd3b32693ac7cae:survey-2024-03","B","https://cbr.ru/Content/Document/File/144490/full.xlsx","cbr.ru","","","2024-03","survey_participants","december_to_december","respondent_min_max","respondent_median","fdd3b32693ac7cae212f38c091275351807d9e5fda6ffb55e539182b517da3f7","","","outputs/macro_data_audit_v1/raw/cbr/survey_full.xlsx","301574","2026-10-06T18:52:10.243174+00:00","3d78ca3923b1c160c3945539ed5197880f00625d6a84ba607a875acd59163a8d"
"macro_fc1ec59fac2c4e78544cbe507e9e589ea9c22f29f8079913bebc23feea70449c","national:forecast_inflation_dec_dec_pct:survey_participants","forecast_inflation_dec_dec_pct","national","2026","2026","","","cbr-current-fdd3b32693ac7cae:survey-2024-04","B","https://cbr.ru/Content/Document/File/144490/full.xlsx","cbr.ru","","","2024-04","survey_participants","december_to_december","respondent_min_max","respondent_median","fdd3b32693ac7cae212f38c091275351807d9e5fda6ffb55e539182b517da3f7","","","outputs/macro_data_audit_v1/raw/cbr/survey_full.xlsx","301574","2026-10-06T18:52:10.243174+00:00","3d78ca3923b1c160c3945539ed5197880f00625d6a84ba607a875acd59163a8d"
"macro_5655043a7d4389e4db298c41398a61625cf27806a5130821af6da1174319fa65","national:forecast_inflation_dec_dec_pct:survey_participants","forecast_inflation_dec_dec_pct","national","2026","2026","","","cbr-current-fdd3b32693ac7cae:survey-2024-05","B","https://cbr.ru/Content/Document/File/144490/full.xlsx","cbr.ru","","","2024-05","survey_participants","december_to_december","respondent_min_max","respondent_median","fdd3b32693ac7cae212f38c091275351807d9e5fda6ffb55e539182b517da3f7","","","outputs/macro_data_audit_v1/raw/cbr/survey_full.xlsx","301574","2026-10-06T18:52:10.243174+00:00","3d78ca3923b1c160c3945539ed5197880f00625d6a84ba607a875acd59163a8d"
"macro_dd68ac05ada352b82f7c17be8063e146779728bc091604919b1c34c61436ba4b","national:forecast_inflation_dec_dec_pct:survey_participants","forecast_inflation_dec_dec_pct","national","2026","2026","","","cbr-current-fdd3b32693ac7cae:survey-2024-07","B","https://cbr.ru/Content/Document/File/144490/full.xlsx","cbr.ru","","","2024-07","survey_participants","december_to_december","respondent_min_max","respondent_median","fdd3b32693ac7cae212f38c091275351807d9e5fda6ffb55e539182b517da3f7","","","outputs/macro_data_audit_v1/raw/cbr/survey_full.xlsx","301574","2026-10-06T18:52:10.243174+00:00","3d78ca3923b1c160c3945539ed5197880f00625d6a84ba607a875acd59163a8d"
"macro_bb8f59a44f478cb0cf5ecaa28ae69ccf4a6d4cc9ed5b555aed41aaf52ab4f165","national:forecast_inflation_dec_dec_pct:survey_participants","forecast_inflation_dec_dec_pct","national","2026","2026","","","cbr-current-fdd3b32693ac7cae:survey-2024-09","B","https://cbr.ru/Content/Document/File/144490/full.xlsx","cbr.ru","","","2024-09","survey_participants","december_to_december","respondent_min_max","respondent_median","fdd3b32693ac7cae212f38c091275351807d9e5fda6ffb55e539182b517da3f7","","","outputs/macro_data_audit_v1/raw/cbr/survey_full.xlsx","301574","2026-10-06T18:52:10.243174+00:00","3d78ca3923b1c160c3945539ed5197880f00625d6a84ba607a875acd59163a8d"
"macro_0416924b53350ed7cb08a09be006a4e279165b71697524bf396d0f6096c7d7db","national:forecast_inflation_dec_dec_pct:survey_participants","forecast_inflation_dec_dec_pct","national","2026","2026","","","cbr-current-fdd3b32693ac7cae:survey-2024-10","B","https://cbr.ru/Content/Document/File/144490/full.xlsx","cbr.ru","","","2024-10","survey_participants","december_to_december","respondent_min_max","respondent_median","fdd3b32693ac7cae212f38c091275351807d9e5fda6ffb55e539182b517da3f7","","","outputs/macro_data_audit_v1/raw/cbr/survey_full.xlsx","301574","2026-10-06T18:52:10.243174+00:00","3d78ca3923b1c160c3945539ed5197880f00625d6a84ba607a875acd59163a8d"
"macro_355cf527429575b7407a99eb2ba633452a1844c5458203f271a4608bfb6d2898","national:forecast_inflation_dec_dec_pct:survey_participants","forecast_inflation_dec_dec_pct","national","2027","2027","","","cbr-current-fdd3b32693ac7cae:survey-2024-07","B","https://cbr.ru/Content/Document/File/144490/full.xlsx","cbr.ru","","","2024-07","survey_participants","december_to_december","respondent_min_max","respondent_median","fdd3b32693ac7cae212f38c091275351807d9e5fda6ffb55e539182b517da3f7","","","outputs/macro_data_audit_v1/raw/cbr/survey_full.xlsx","301574","2026-10-06T18:52:10.243174+00:00","3d78ca3923b1c160c3945539ed5197880f00625d6a84ba607a875acd59163a8d"
"macro_a090095d6b20af1f280354e46dd99dbdcab7312c7a33ea3f9aadd4cde5f46e72","national:forecast_inflation_dec_dec_pct:survey_participants","forecast_inflation_dec_dec_pct","national","2027","2027","","","cbr-current-fdd3b32693ac7cae:survey-2024-09","B","https://cbr.ru/Content/Document/File/144490/full.xlsx","cbr.ru","","","2024-09","survey_participants","december_to_december","respondent_min_max","respondent_median","fdd3b32693ac7cae212f38c091275351807d9e5fda6ffb55e539182b517da3f7","","","outputs/macro_data_audit_v1/raw/cbr/survey_full.xlsx","301574","2026-10-06T18:52:10.243174+00:00","3d78ca3923b1c160c3945539ed5197880f00625d6a84ba607a875acd59163a8d"
"macro_f4ee3398ebac804b5a1b7eb4809617849861592e68790eaca4e032493bbf6032","national:forecast_inflation_dec_dec_pct:survey_participants","forecast_inflation_dec_dec_pct","national","2027","2027","","","cbr-current-fdd3b32693ac7cae:survey-2024-10","B","https://cbr.ru/Content/Document/File/144490/full.xlsx","cbr.ru","","","2024-10","survey_participants","december_to_december","respondent_min_max","respondent_median","fdd3b32693ac7cae212f38c091275351807d9e5fda6ffb55e539182b517da3f7","","","outputs/macro_data_audit_v1/raw/cbr/survey_full.xlsx","301574","2026-10-06T18:52:10.243174+00:00","3d78ca3923b1c160c3945539ed5197880f00625d6a84ba607a875acd59163a8d"
"macro_164d17c72fffe6ad5d937fa5190e652fde01d0c0dbfb995a22b29d1633c85a03","national:forecast_inflation_annual_average_pct:survey_participants","forecast_inflation_annual_average_pct","national","2023","2023","","","cbr-current-fdd3b32693ac7cae:survey-2023-06","B","https://cbr.ru/Content/Document/File/144490/full.xlsx","cbr.ru","","","2023-06","survey_participants","annual_average_to_annual_average","respondent_min_max","respondent_median","fdd3b32693ac7cae212f38c091275351807d9e5fda6ffb55e539182b517da3f7","","","outputs/macro_data_audit_v1/raw/cbr/survey_full.xlsx","301574","2026-10-06T18:52:10.243174+00:00","3d78ca3923b1c160c3945539ed5197880f00625d6a84ba607a875acd59163a8d"
"macro_0206166e7943e41ab76ba1920f5a1f2b26b1b2a2fdbe6a5dec5cbbfb30c53e0e","national:forecast_inflation_annual_average_pct:survey_participants","forecast_inflation_annual_average_pct","national","2023","2023","","","cbr-current-fdd3b32693ac7cae:survey-2023-07","B","https://cbr.ru/Content/Document/File/144490/full.xlsx","cbr.ru","","","2023-07","survey_participants","annual_average_to_annual_average","respondent_min_max","respondent_median","fdd3b32693ac7cae212f38c091275351807d9e5fda6ffb55e539182b517da3f7","","","outputs/macro_data_audit_v1/raw/cbr/survey_full.xlsx","301574","2026-10-06T18:52:10.243174+00:00","3d78ca3923b1c160c3945539ed5197880f00625d6a84ba607a875acd59163a8d"
"macro_4a2b9b499edd126563cb97445790b2935008af6ea0eb92a5ecaeef6a36ede243","national:forecast_inflation_annual_average_pct:survey_participants","forecast_inflation_annual_average_pct","national","2023","2023","","","cbr-current-fdd3b32693ac7cae:survey-2023-09","B","https://cbr.ru/Content/Document/File/144490/full.xlsx","cbr.ru","","","2023-09","survey_participants","annual_average_to_annual_average","respondent_min_max","respondent_median","fdd3b32693ac7cae212f38c091275351807d9e5fda6ffb55e539182b517da3f7","","","outputs/macro_data_audit_v1/raw/cbr/survey_full.xlsx","301574","2026-10-06T18:52:10.243174+00:00","3d78ca3923b1c160c3945539ed5197880f00625d6a84ba607a875acd59163a8d"
"macro_0c6fcceeafe08bf9aaaec19d6924fe790695409811b84a16c08ad1be9fb93d93","national:forecast_inflation_annual_average_pct:survey_participants","forecast_inflation_annual_average_pct","national","2023","2023","","","cbr-current-fdd3b32693ac7cae:survey-2023-10","B","https://cbr.ru/Content/Document/File/144490/full.xlsx","cbr.ru","","","2023-10","survey_participants","annual_average_to_annual_average","respondent_min_max","respondent_median","fdd3b32693ac7cae212f38c091275351807d9e5fda6ffb55e539182b517da3f7","","","outputs/macro_data_audit_v1/raw/cbr/survey_full.xlsx","301574","2026-10-06T18:52:10.243174+00:00","3d78ca3923b1c160c3945539ed5197880f00625d6a84ba607a875acd59163a8d"
"macro_22aaabf448120057ed3e8e3ac2daaeb01df9323d4b7e98e1eae4532d38081340","national:forecast_inflation_annual_average_pct:survey_participants","forecast_inflation_annual_average_pct","national","2023","2023","","","cbr-current-fdd3b32693ac7cae:survey-2023-12","B","https://cbr.ru/Content/Document/File/144490/full.xlsx","cbr.ru","","","2023-12","survey_participants","annual_average_to_annual_average","respondent_min_max","respondent_median","fdd3b32693ac7cae212f38c091275351807d9e5fda6ffb55e539182b517da3f7","","","outputs/macro_data_audit_v1/raw/cbr/survey_full.xlsx","301574","2026-10-06T18:52:10.243174+00:00","3d78ca3923b1c160c3945539ed5197880f00625d6a84ba607a875acd59163a8d"
"macro_4a12143b6fbec3e7b7cd932793668972f9f9c3afd9f258dfebbfafb36e9ac85d","national:forecast_inflation_annual_average_pct:survey_participants","forecast_inflation_annual_average_pct","national","2024","2024","","","cbr-current-fdd3b32693ac7cae:survey-2023-06","B","https://cbr.ru/Content/Document/File/144490/full.xlsx","cbr.ru","","","2023-06","survey_participants","annual_average_to_annual_average","respondent_min_max","respondent_median","fdd3b32693ac7cae212f38c091275351807d9e5fda6ffb55e539182b517da3f7","","","outputs/macro_data_audit_v1/raw/cbr/survey_full.xlsx","301574","2026-10-06T18:52:10.243174+00:00","3d78ca3923b1c160c3945539ed5197880f00625d6a84ba607a875acd59163a8d"
"macro_d98f1f5da4985094b35b8f8f93d54a0a534098e635e7577b23d32352e898e0f5","national:forecast_inflation_annual_average_pct:survey_participants","forecast_inflation_annual_average_pct","national","2024","2024","","","cbr-current-fdd3b32693ac7cae:survey-2023-07","B","https://cbr.ru/Content/Document/File/144490/full.xlsx","cbr.ru","","","2023-07","survey_participants","annual_average_to_annual_average","respondent_min_max","respondent_median","fdd3b32693ac7cae212f38c091275351807d9e5fda6ffb55e539182b517da3f7","","","outputs/macro_data_audit_v1/raw/cbr/survey_full.xlsx","301574","2026-10-06T18:52:10.243174+00:00","3d78ca3923b1c160c3945539ed5197880f00625d6a84ba607a875acd59163a8d"
"macro_bec0740e44308e2a5915332ecb94fa2f059c2a5412cba423456f14accab0c2c8","national:forecast_inflation_annual_average_pct:survey_participants","forecast_inflation_annual_average_pct","national","2024","2024","","","cbr-current-fdd3b32693ac7cae:survey-2023-09","B","https://cbr.ru/Content/Document/File/144490/full.xlsx","cbr.ru","","","2023-09","survey_participants","annual_average_to_annual_average","respondent_min_max","respondent_median","fdd3b32693ac7cae212f38c091275351807d9e5fda6ffb55e539182b517da3f7","","","outputs/macro_data_audit_v1/raw/cbr/survey_full.xlsx","301574","2026-10-06T18:52:10.243174+00:00","3d78ca3923b1c160c3945539ed5197880f00625d6a84ba607a875acd59163a8d"
"macro_b8f8038c9fb89d45cc2f99eac67b800974d0cc59ea972942284bbb9ad199c543","national:forecast_inflation_annual_average_pct:survey_participants","forecast_inflation_annual_average_pct","national","2024","2024","","","cbr-current-fdd3b32693ac7cae:survey-2023-10","B","https://cbr.ru/Content/Document/File/144490/full.xlsx","cbr.ru","","","2023-10","survey_participants","annual_average_to_annual_average","respondent_min_max","respondent_median","fdd3b32693ac7cae212f38c091275351807d9e5fda6ffb55e539182b517da3f7","","","outputs/macro_data_audit_v1/raw/cbr/survey_full.xlsx","301574","2026-10-06T18:52:10.243174+00:00","3d78ca3923b1c160c3945539ed5197880f00625d6a84ba607a875acd59163a8d"
"macro_a9afef4f1ae58baed72978f3936eccb545611808b291d3f0586c47fff6be4a8d","national:forecast_inflation_annual_average_pct:survey_participants","forecast_inflation_annual_average_pct","national","2024","2024","","","cbr-current-fdd3b32693ac7cae:survey-2023-12","B","https://cbr.ru/Content/Document/File/144490/full.xlsx","cbr.ru","","","2023-12","survey_participants","annual_average_to_annual_average","respondent_min_max","respondent_median","fdd3b32693ac7cae212f38c091275351807d9e5fda6ffb55e539182b517da3f7","","","outputs/macro_data_audit_v1/raw/cbr/survey_full.xlsx","301574","2026-10-06T18:52:10.243174+00:00","3d78ca3923b1c160c3945539ed5197880f00625d6a84ba607a875acd59163a8d"
"macro_3bf30f78b077a23a7532652b279184291e2fef33af48e5cecf74ddff650eff4b","national:forecast_inflation_annual_average_pct:survey_participants","forecast_inflation_annual_average_pct","national","2024","2024","","","cbr-current-fdd3b32693ac7cae:survey-2024-02","B","https://cbr.ru/Content/Document/File/144490/full.xlsx","cbr.ru","","","2024-02","survey_participants","annual_average_to_annual_average","respondent_min_max","respondent_median","fdd3b32693ac7cae212f38c091275351807d9e5fda6ffb55e539182b517da3f7","","","outputs/macro_data_audit_v1/raw/cbr/survey_full.xlsx","301574","2026-10-06T18:52:10.243174+00:00","3d78ca3923b1c160c3945539ed5197880f00625d6a84ba607a875acd59163a8d"
"macro_4265c3e8942e6e275433acc731cba923f5db88d3bcc9c37e81a24b5645870748","national:forecast_inflation_annual_average_pct:survey_participants","forecast_inflation_annual_average_pct","national","2024","2024","","","cbr-current-fdd3b32693ac7cae:survey-2024-03","B","https://cbr.ru/Content/Document/File/144490/full.xlsx","cbr.ru","","","2024-03","survey_participants","annual_average_to_annual_average","respondent_min_max","respondent_median","fdd3b32693ac7cae212f38c091275351807d9e5fda6ffb55e539182b517da3f7","","","outputs/macro_data_audit_v1/raw/cbr/survey_full.xlsx","301574","2026-10-06T18:52:10.243174+00:00","3d78ca3923b1c160c3945539ed5197880f00625d6a84ba607a875acd59163a8d"
"macro_e00d6a9d9cab00a2ebb19335b8b6a27557b676ac77f97d1863f1edf97b094de5","national:forecast_inflation_annual_average_pct:survey_participants","forecast_inflation_annual_average_pct","national","2024","2024","","","cbr-current-fdd3b32693ac7cae:survey-2024-04","B","https://cbr.ru/Content/Document/File/144490/full.xlsx","cbr.ru","","","2024-04","survey_participants","annual_average_to_annual_average","respondent_min_max","respondent_median","fdd3b32693ac7cae212f38c091275351807d9e5fda6ffb55e539182b517da3f7","","","outputs/macro_data_audit_v1/raw/cbr/survey_full.xlsx","301574","2026-10-06T18:52:10.243174+00:00","3d78ca3923b1c160c3945539ed5197880f00625d6a84ba607a875acd59163a8d"
"macro_3533abfa8f58d5ca67ce6da22b6f6f190222ee6f7fd3a455db069f6213211c3c","national:forecast_inflation_annual_average_pct:survey_participants","forecast_inflation_annual_average_pct","national","2024","2024","","","cbr-current-fdd3b32693ac7cae:survey-2024-05","B","https://cbr.ru/Content/Document/File/144490/full.xlsx","cbr.ru","","","2024-05","survey_participants","annual_average_to_annual_average","respondent_min_max","respondent_median","fdd3b32693ac7cae212f38c091275351807d9e5fda6ffb55e539182b517da3f7","","","outputs/macro_data_audit_v1/raw/cbr/survey_full.xlsx","301574","2026-10-06T18:52:10.243174+00:00","3d78ca3923b1c160c3945539ed5197880f00625d6a84ba607a875acd59163a8d"
"macro_b05f1b2b3543575d69cc98c690d8ec4eb9ec102c755d460441f19cde29d9ccbc","national:forecast_inflation_annual_average_pct:survey_participants","forecast_inflation_annual_average_pct","national","2024","2024","","","cbr-current-fdd3b32693ac7cae:survey-2024-07","B","https://cbr.ru/Content/Document/File/144490/full.xlsx","cbr.ru","","","2024-07","survey_participants","annual_average_to_annual_average","respondent_min_max","respondent_median","fdd3b32693ac7cae212f38c091275351807d9e5fda6ffb55e539182b517da3f7","","","outputs/macro_data_audit_v1/raw/cbr/survey_full.xlsx","301574","2026-10-06T18:52:10.243174+00:00","3d78ca3923b1c160c3945539ed5197880f00625d6a84ba607a875acd59163a8d"
"macro_16e05983953374f879de5e98d398e83c277f9c7fd84abd2c159b8dc934b147fe","national:forecast_inflation_annual_average_pct:survey_participants","forecast_inflation_annual_average_pct","national","2024","2024","","","cbr-current-fdd3b32693ac7cae:survey-2024-09","B","https://cbr.ru/Content/Document/File/144490/full.xlsx","cbr.ru","","","2024-09","survey_participants","annual_average_to_annual_average","respondent_min_max","respondent_median","fdd3b32693ac7cae212f38c091275351807d9e5fda6ffb55e539182b517da3f7","","","outputs/macro_data_audit_v1/raw/cbr/survey_full.xlsx","301574","2026-10-06T18:52:10.243174+00:00","3d78ca3923b1c160c3945539ed5197880f00625d6a84ba607a875acd59163a8d"
"macro_97b4b80731757328aed153873ff86ace968470b271589c066cec94b00b1c51c5","national:forecast_inflation_annual_average_pct:survey_participants","forecast_inflation_annual_average_pct","national","2024","2024","","","cbr-current-fdd3b32693ac7cae:survey-2024-10","B","https://cbr.ru/Content/Document/File/144490/full.xlsx","cbr.ru","","","2024-10","survey_participants","annual_average_to_annual_average","respondent_min_max","respondent_median","fdd3b32693ac7cae212f38c091275351807d9e5fda6ffb55e539182b517da3f7","","","outputs/macro_data_audit_v1/raw/cbr/survey_full.xlsx","301574","2026-10-06T18:52:10.243174+00:00","3d78ca3923b1c160c3945539ed5197880f00625d6a84ba607a875acd59163a8d"
"macro_b52d2668109e5e2afa1689f9c215ac737027864a04f39e20d85f26700f13431f","national:forecast_inflation_annual_average_pct:survey_participants","forecast_inflation_annual_average_pct","national","2025","2025","","","cbr-current-fdd3b32693ac7cae:survey-2023-06","B","https://cbr.ru/Content/Document/File/144490/full.xlsx","cbr.ru","","","2023-06","survey_participants","annual_average_to_annual_average","respondent_min_max","respondent_median","fdd3b32693ac7cae212f38c091275351807d9e5fda6ffb55e539182b517da3f7","","","outputs/macro_data_audit_v1/raw/cbr/survey_full.xlsx","301574","2026-10-06T18:52:10.243174+00:00","3d78ca3923b1c160c3945539ed5197880f00625d6a84ba607a875acd59163a8d"
"macro_6c1f4e28993e8abfb4820555d9353ef046950612bbb53809121f984740538d30","national:forecast_inflation_annual_average_pct:survey_participants","forecast_inflation_annual_average_pct","national","2025","2025","","","cbr-current-fdd3b32693ac7cae:survey-2023-07","B","https://cbr.ru/Content/Document/File/144490/full.xlsx","cbr.ru","","","2023-07","survey_participants","annual_average_to_annual_average","respondent_min_max","respondent_median","fdd3b32693ac7cae212f38c091275351807d9e5fda6ffb55e539182b517da3f7","","","outputs/macro_data_audit_v1/raw/cbr/survey_full.xlsx","301574","2026-10-06T18:52:10.243174+00:00","3d78ca3923b1c160c3945539ed5197880f00625d6a84ba607a875acd59163a8d"
"macro_ece956bfd04511d696a68576b042fa06fd96233303af277c41241c6d1910683c","national:forecast_inflation_annual_average_pct:survey_participants","forecast_inflation_annual_average_pct","national","2025","2025","","","cbr-current-fdd3b32693ac7cae:survey-2023-09","B","https://cbr.ru/Content/Document/File/144490/full.xlsx","cbr.ru","","","2023-09","survey_participants","annual_average_to_annual_average","respondent_min_max","respondent_median","fdd3b32693ac7cae212f38c091275351807d9e5fda6ffb55e539182b517da3f7","","","outputs/macro_data_audit_v1/raw/cbr/survey_full.xlsx","301574","2026-10-06T18:52:10.243174+00:00","3d78ca3923b1c160c3945539ed5197880f00625d6a84ba607a875acd59163a8d"
"macro_405c1aa0a5fadf2c1f63e2581efeebaa45d4299b38bd351fb7db4c4a56d4637f","national:forecast_inflation_annual_average_pct:survey_participants","forecast_inflation_annual_average_pct","national","2025","2025","","","cbr-current-fdd3b32693ac7cae:survey-2023-10","B","https://cbr.ru/Content/Document/File/144490/full.xlsx","cbr.ru","","","2023-10","survey_participants","annual_average_to_annual_average","respondent_min_max","respondent_median","fdd3b32693ac7cae212f38c091275351807d9e5fda6ffb55e539182b517da3f7","","","outputs/macro_data_audit_v1/raw/cbr/survey_full.xlsx","301574","2026-10-06T18:52:10.243174+00:00","3d78ca3923b1c160c3945539ed5197880f00625d6a84ba607a875acd59163a8d"
"macro_087564d48af933753b09f909f1e5c2601db8a1b662a2ca695a42882fb5492a82","national:forecast_inflation_annual_average_pct:survey_participants","forecast_inflation_annual_average_pct","national","2025","2025","","","cbr-current-fdd3b32693ac7cae:survey-2023-12","B","https://cbr.ru/Content/Document/File/144490/full.xlsx","cbr.ru","","","2023-12","survey_participants","annual_average_to_annual_average","respondent_min_max","respondent_median","fdd3b32693ac7cae212f38c091275351807d9e5fda6ffb55e539182b517da3f7","","","outputs/macro_data_audit_v1/raw/cbr/survey_full.xlsx","301574","2026-10-06T18:52:10.243174+00:00","3d78ca3923b1c160c3945539ed5197880f00625d6a84ba607a875acd59163a8d"
"macro_7cc604ac37da76e2ed2d207ffcb42cba5632c332de3690af4df0f36bcfdad752","national:forecast_inflation_annual_average_pct:survey_participants","forecast_inflation_annual_average_pct","national","2025","2025","","","cbr-current-fdd3b32693ac7cae:survey-2024-02","B","https://cbr.ru/Content/Document/File/144490/full.xlsx","cbr.ru","","","2024-02","survey_participants","annual_average_to_annual_average","respondent_min_max","respondent_median","fdd3b32693ac7cae212f38c091275351807d9e5fda6ffb55e539182b517da3f7","","","outputs/macro_data_audit_v1/raw/cbr/survey_full.xlsx","301574","2026-10-06T18:52:10.243174+00:00","3d78ca3923b1c160c3945539ed5197880f00625d6a84ba607a875acd59163a8d"
"macro_4452e9b00fa508172a65f9fe1cb093de80f98baacc9c8136713f6a08a364d6be","national:forecast_inflation_annual_average_pct:survey_participants","forecast_inflation_annual_average_pct","national","2025","2025","","","cbr-current-fdd3b32693ac7cae:survey-2024-03","B","https://cbr.ru/Content/Document/File/144490/full.xlsx","cbr.ru","","","2024-03","survey_participants","annual_average_to_annual_average","respondent_min_max","respondent_median","fdd3b32693ac7cae212f38c091275351807d9e5fda6ffb55e539182b517da3f7","","","outputs/macro_data_audit_v1/raw/cbr/survey_full.xlsx","301574","2026-10-06T18:52:10.243174+00:00","3d78ca3923b1c160c3945539ed5197880f00625d6a84ba607a875acd59163a8d"
"macro_dfc741cc3579886c0927d08fc226f2004672764af0817aae728c96488a0af644","national:forecast_inflation_annual_average_pct:survey_participants","forecast_inflation_annual_average_pct","national","2025","2025","","","cbr-current-fdd3b32693ac7cae:survey-2024-04","B","https://cbr.ru/Content/Document/File/144490/full.xlsx","cbr.ru","","","2024-04","survey_participants","annual_average_to_annual_average","respondent_min_max","respondent_median","fdd3b32693ac7cae212f38c091275351807d9e5fda6ffb55e539182b517da3f7","","","outputs/macro_data_audit_v1/raw/cbr/survey_full.xlsx","301574","2026-10-06T18:52:10.243174+00:00","3d78ca3923b1c160c3945539ed5197880f00625d6a84ba607a875acd59163a8d"
"macro_a366854b3bf66b7a3b39d5363140a2e5d3fd8872b042485d71ba3d728f60799c","national:forecast_inflation_annual_average_pct:survey_participants","forecast_inflation_annual_average_pct","national","2025","2025","","","cbr-current-fdd3b32693ac7cae:survey-2024-05","B","https://cbr.ru/Content/Document/File/144490/full.xlsx","cbr.ru","","","2024-05","survey_participants","annual_average_to_annual_average","respondent_min_max","respondent_median","fdd3b32693ac7cae212f38c091275351807d9e5fda6ffb55e539182b517da3f7","","","outputs/macro_data_audit_v1/raw/cbr/survey_full.xlsx","301574","2026-10-06T18:52:10.243174+00:00","3d78ca3923b1c160c3945539ed5197880f00625d6a84ba607a875acd59163a8d"
"macro_109b4f307ad2ccd33ef607a92de8938f15c611fb0b395cacddfd973edd3aebdd","national:forecast_inflation_annual_average_pct:survey_participants","forecast_inflation_annual_average_pct","national","2025","2025","","","cbr-current-fdd3b32693ac7cae:survey-2024-07","B","https://cbr.ru/Content/Document/File/144490/full.xlsx","cbr.ru","","","2024-07","survey_participants","annual_average_to_annual_average","respondent_min_max","respondent_median","fdd3b32693ac7cae212f38c091275351807d9e5fda6ffb55e539182b517da3f7","","","outputs/macro_data_audit_v1/raw/cbr/survey_full.xlsx","301574","2026-10-06T18:52:10.243174+00:00","3d78ca3923b1c160c3945539ed5197880f00625d6a84ba607a875acd59163a8d"
"macro_cbf56b446199207fd43c97c0c48d8954ff273378d30448278cc46f4b604f9bd1","national:forecast_inflation_annual_average_pct:survey_participants","forecast_inflation_annual_average_pct","national","2025","2025","","","cbr-current-fdd3b32693ac7cae:survey-2024-09","B","https://cbr.ru/Content/Document/File/144490/full.xlsx","cbr.ru","","","2024-09","survey_participants","annual_average_to_annual_average","respondent_min_max","respondent_median","fdd3b32693ac7cae212f38c091275351807d9e5fda6ffb55e539182b517da3f7","","","outputs/macro_data_audit_v1/raw/cbr/survey_full.xlsx","301574","2026-10-06T18:52:10.243174+00:00","3d78ca3923b1c160c3945539ed5197880f00625d6a84ba607a875acd59163a8d"
"macro_03be352b8c04a24d136d508a82d96705bd5c863c8fa307bebe6d233159b8552b","national:forecast_inflation_annual_average_pct:survey_participants","forecast_inflation_annual_average_pct","national","2025","2025","","","cbr-current-fdd3b32693ac7cae:survey-2024-10","B","https://cbr.ru/Content/Document/File/144490/full.xlsx","cbr.ru","","","2024-10","survey_participants","annual_average_to_annual_average","respondent_min_max","respondent_median","fdd3b32693ac7cae212f38c091275351807d9e5fda6ffb55e539182b517da3f7","","","outputs/macro_data_audit_v1/raw/cbr/survey_full.xlsx","301574","2026-10-06T18:52:10.243174+00:00","3d78ca3923b1c160c3945539ed5197880f00625d6a84ba607a875acd59163a8d"
"macro_286236c16a0dfb8313e35877875ca3f2ab6a853b88a3c8a1bbc547bb094dcb57","national:forecast_inflation_annual_average_pct:survey_participants","forecast_inflation_annual_average_pct","national","2026","2026","","","cbr-current-fdd3b32693ac7cae:survey-2023-09","B","https://cbr.ru/Content/Document/File/144490/full.xlsx","cbr.ru","","","2023-09","survey_participants","annual_average_to_annual_average","respondent_min_max","respondent_median","fdd3b32693ac7cae212f38c091275351807d9e5fda6ffb55e539182b517da3f7","","","outputs/macro_data_audit_v1/raw/cbr/survey_full.xlsx","301574","2026-10-06T18:52:10.243174+00:00","3d78ca3923b1c160c3945539ed5197880f00625d6a84ba607a875acd59163a8d"
"macro_2a6df552514c27c4409a40d848a2708a4debe3900d8457faf7733c4c2472a0d1","national:forecast_inflation_annual_average_pct:survey_participants","forecast_inflation_annual_average_pct","national","2026","2026","","","cbr-current-fdd3b32693ac7cae:survey-2023-10","B","https://cbr.ru/Content/Document/File/144490/full.xlsx","cbr.ru","","","2023-10","survey_participants","annual_average_to_annual_average","respondent_min_max","respondent_median","fdd3b32693ac7cae212f38c091275351807d9e5fda6ffb55e539182b517da3f7","","","outputs/macro_data_audit_v1/raw/cbr/survey_full.xlsx","301574","2026-10-06T18:52:10.243174+00:00","3d78ca3923b1c160c3945539ed5197880f00625d6a84ba607a875acd59163a8d"
"macro_30a7c5f182555f1af254c9ee43474ebc83dbebc606c9ad7450d031ac1c14007f","national:forecast_inflation_annual_average_pct:survey_participants","forecast_inflation_annual_average_pct","national","2026","2026","","","cbr-current-fdd3b32693ac7cae:survey-2023-12","B","https://cbr.ru/Content/Document/File/144490/full.xlsx","cbr.ru","","","2023-12","survey_participants","annual_average_to_annual_average","respondent_min_max","respondent_median","fdd3b32693ac7cae212f38c091275351807d9e5fda6ffb55e539182b517da3f7","","","outputs/macro_data_audit_v1/raw/cbr/survey_full.xlsx","301574","2026-10-06T18:52:10.243174+00:00","3d78ca3923b1c160c3945539ed5197880f00625d6a84ba607a875acd59163a8d"
"macro_dbc9808e7f0d13fef4910778a22815ede5aea12490d4aa652ac686e25fa15599","national:forecast_inflation_annual_average_pct:survey_participants","forecast_inflation_annual_average_pct","national","2026","2026","","","cbr-current-fdd3b32693ac7cae:survey-2024-02","B","https://cbr.ru/Content/Document/File/144490/full.xlsx","cbr.ru","","","2024-02","survey_participants","annual_average_to_annual_average","respondent_min_max","respondent_median","fdd3b32693ac7cae212f38c091275351807d9e5fda6ffb55e539182b517da3f7","","","outputs/macro_data_audit_v1/raw/cbr/survey_full.xlsx","301574","2026-10-06T18:52:10.243174+00:00","3d78ca3923b1c160c3945539ed5197880f00625d6a84ba607a875acd59163a8d"
"macro_8f64fceb2de1dfda3daf12d993c21e2d59588763a7fcb143eb8bcd8bb22e06ad","national:forecast_inflation_annual_average_pct:survey_participants","forecast_inflation_annual_average_pct","national","2026","2026","","","cbr-current-fdd3b32693ac7cae:survey-2024-03","B","https://cbr.ru/Content/Document/File/144490/full.xlsx","cbr.ru","","","2024-03","survey_participants","annual_average_to_annual_average","respondent_min_max","respondent_median","fdd3b32693ac7cae212f38c091275351807d9e5fda6ffb55e539182b517da3f7","","","outputs/macro_data_audit_v1/raw/cbr/survey_full.xlsx","301574","2026-10-06T18:52:10.243174+00:00","3d78ca3923b1c160c3945539ed5197880f00625d6a84ba607a875acd59163a8d"
"macro_9ff7fb22165a7d462b22dc5b7e1049fddf9d64d6998c8c6bbb7a83a17f767ae5","national:forecast_inflation_annual_average_pct:survey_participants","forecast_inflation_annual_average_pct","national","2026","2026","","","cbr-current-fdd3b32693ac7cae:survey-2024-04","B","https://cbr.ru/Content/Document/File/144490/full.xlsx","cbr.ru","","","2024-04","survey_participants","annual_average_to_annual_average","respondent_min_max","respondent_median","fdd3b32693ac7cae212f38c091275351807d9e5fda6ffb55e539182b517da3f7","","","outputs/macro_data_audit_v1/raw/cbr/survey_full.xlsx","301574","2026-10-06T18:52:10.243174+00:00","3d78ca3923b1c160c3945539ed5197880f00625d6a84ba607a875acd59163a8d"
"macro_8dd19f672cb3114569db24f839f8d1e4f439951cee771d2b9324fe9613c5bba9","national:forecast_inflation_annual_average_pct:survey_participants","forecast_inflation_annual_average_pct","national","2026","2026","","","cbr-current-fdd3b32693ac7cae:survey-2024-05","B","https://cbr.ru/Content/Document/File/144490/full.xlsx","cbr.ru","","","2024-05","survey_participants","annual_average_to_annual_average","respondent_min_max","respondent_median","fdd3b32693ac7cae212f38c091275351807d9e5fda6ffb55e539182b517da3f7","","","outputs/macro_data_audit_v1/raw/cbr/survey_full.xlsx","301574","2026-10-06T18:52:10.243174+00:00","3d78ca3923b1c160c3945539ed5197880f00625d6a84ba607a875acd59163a8d"
"macro_84af50eccba280c493946937de28f482f61bd9f6c51fa3c7da58db35f6a5ff23","national:forecast_inflation_annual_average_pct:survey_participants","forecast_inflation_annual_average_pct","national","2026","2026","","","cbr-current-fdd3b32693ac7cae:survey-2024-07","B","https://cbr.ru/Content/Document/File/144490/full.xlsx","cbr.ru","","","2024-07","survey_participants","annual_average_to_annual_average","respondent_min_max","respondent_median","fdd3b32693ac7cae212f38c091275351807d9e5fda6ffb55e539182b517da3f7","","","outputs/macro_data_audit_v1/raw/cbr/survey_full.xlsx","301574","2026-10-06T18:52:10.243174+00:00","3d78ca3923b1c160c3945539ed5197880f00625d6a84ba607a875acd59163a8d"
"macro_8f41a040dfea7fb5fe88bc0452dae462d92b2f5e169d6d9454cf24398fbeeaa5","national:forecast_inflation_annual_average_pct:survey_participants","forecast_inflation_annual_average_pct","national","2026","2026","","","cbr-current-fdd3b32693ac7cae:survey-2024-09","B","https://cbr.ru/Content/Document/File/144490/full.xlsx","cbr.ru","","","2024-09","survey_participants","annual_average_to_annual_average","respondent_min_max","respondent_median","fdd3b32693ac7cae212f38c091275351807d9e5fda6ffb55e539182b517da3f7","","","outputs/macro_data_audit_v1/raw/cbr/survey_full.xlsx","301574","2026-10-06T18:52:10.243174+00:00","3d78ca3923b1c160c3945539ed5197880f00625d6a84ba607a875acd59163a8d"
"macro_bd07443601b547da028e6d0b755cd7199a5314469ee15535235e1d146212792a","national:forecast_inflation_annual_average_pct:survey_participants","forecast_inflation_annual_average_pct","national","2026","2026","","","cbr-current-fdd3b32693ac7cae:survey-2024-10","B","https://cbr.ru/Content/Document/File/144490/full.xlsx","cbr.ru","","","2024-10","survey_participants","annual_average_to_annual_average","respondent_min_max","respondent_median","fdd3b32693ac7cae212f38c091275351807d9e5fda6ffb55e539182b517da3f7","","","outputs/macro_data_audit_v1/raw/cbr/survey_full.xlsx","301574","2026-10-06T18:52:10.243174+00:00","3d78ca3923b1c160c3945539ed5197880f00625d6a84ba607a875acd59163a8d"
"macro_cb8ba7c239bec4bbff7daa8f301c7acbb8ee0a1925de798e7e8bae2f36c7404d","national:forecast_inflation_annual_average_pct:survey_participants","forecast_inflation_annual_average_pct","national","2027","2027","","","cbr-current-fdd3b32693ac7cae:survey-2024-07","B","https://cbr.ru/Content/Document/File/144490/full.xlsx","cbr.ru","","","2024-07","survey_participants","annual_average_to_annual_average","respondent_min_max","respondent_median","fdd3b32693ac7cae212f38c091275351807d9e5fda6ffb55e539182b517da3f7","","","outputs/macro_data_audit_v1/raw/cbr/survey_full.xlsx","301574","2026-10-06T18:52:10.243174+00:00","3d78ca3923b1c160c3945539ed5197880f00625d6a84ba607a875acd59163a8d"
"macro_8be009a793392b8f33d39b1a2655ce376a97b3dae56c306aa8ac481563d5d1bd","national:forecast_inflation_annual_average_pct:survey_participants","forecast_inflation_annual_average_pct","national","2027","2027","","","cbr-current-fdd3b32693ac7cae:survey-2024-09","B","https://cbr.ru/Content/Document/File/144490/full.xlsx","cbr.ru","","","2024-09","survey_participants","annual_average_to_annual_average","respondent_min_max","respondent_median","fdd3b32693ac7cae212f38c091275351807d9e5fda6ffb55e539182b517da3f7","","","outputs/macro_data_audit_v1/raw/cbr/survey_full.xlsx","301574","2026-10-06T18:52:10.243174+00:00","3d78ca3923b1c160c3945539ed5197880f00625d6a84ba607a875acd59163a8d"
"macro_5710bb55100c5833d8ad8511dd78ff495d0aa7ab9be6bee58b96257d47a98c91","national:forecast_inflation_annual_average_pct:survey_participants","forecast_inflation_annual_average_pct","national","2027","2027","","","cbr-current-fdd3b32693ac7cae:survey-2024-10","B","https://cbr.ru/Content/Document/File/144490/full.xlsx","cbr.ru","","","2024-10","survey_participants","annual_average_to_annual_average","respondent_min_max","respondent_median","fdd3b32693ac7cae212f38c091275351807d9e5fda6ffb55e539182b517da3f7","","","outputs/macro_data_audit_v1/raw/cbr/survey_full.xlsx","301574","2026-10-06T18:52:10.243174+00:00","3d78ca3923b1c160c3945539ed5197880f00625d6a84ba607a875acd59163a8d"
"macro_3229c035e40a04b5f17d963af2efd31ee6e4037efefd5cb08f800428e2fef5a1","national:forecast_nominal_wage_growth_annual_pct:survey_participants","forecast_nominal_wage_growth_annual_pct","national","2022","2022","","","cbr-current-fdd3b32693ac7cae:survey-2022-12","B","https://cbr.ru/Content/Document/File/144490/full.xlsx","cbr.ru","","","2022-12","survey_participants","annual_average_to_annual_average","respondent_min_max","respondent_median","fdd3b32693ac7cae212f38c091275351807d9e5fda6ffb55e539182b517da3f7","","","outputs/macro_data_audit_v1/raw/cbr/survey_full.xlsx","301574","2026-10-06T18:52:10.243174+00:00","3d78ca3923b1c160c3945539ed5197880f00625d6a84ba607a875acd59163a8d"
"macro_2a3aa25d6c3808c9cfaab4458d0ade8a12f047f9d01660999451e1d4aa151d0d","national:forecast_nominal_wage_growth_annual_pct:survey_participants","forecast_nominal_wage_growth_annual_pct","national","2022","2022","","","cbr-current-fdd3b32693ac7cae:survey-2023-02","B","https://cbr.ru/Content/Document/File/144490/full.xlsx","cbr.ru","","","2023-02","survey_participants","annual_average_to_annual_average","respondent_min_max","respondent_median","fdd3b32693ac7cae212f38c091275351807d9e5fda6ffb55e539182b517da3f7","","","outputs/macro_data_audit_v1/raw/cbr/survey_full.xlsx","301574","2026-10-06T18:52:10.243174+00:00","3d78ca3923b1c160c3945539ed5197880f00625d6a84ba607a875acd59163a8d"
"macro_502ede839302b6ce0fa69ee6be1894d99151ec88533797841aff28c08ccb5f43","national:forecast_nominal_wage_growth_annual_pct:survey_participants","forecast_nominal_wage_growth_annual_pct","national","2023","2023","","","cbr-current-fdd3b32693ac7cae:survey-2022-12","B","https://cbr.ru/Content/Document/File/144490/full.xlsx","cbr.ru","","","2022-12","survey_participants","annual_average_to_annual_average","respondent_min_max","respondent_median","fdd3b32693ac7cae212f38c091275351807d9e5fda6ffb55e539182b517da3f7","","","outputs/macro_data_audit_v1/raw/cbr/survey_full.xlsx","301574","2026-10-06T18:52:10.243174+00:00","3d78ca3923b1c160c3945539ed5197880f00625d6a84ba607a875acd59163a8d"
"macro_fa0492f4390e0654442053218948b359de291fb4846491e7e1739e36a56790a2","national:forecast_nominal_wage_growth_annual_pct:survey_participants","forecast_nominal_wage_growth_annual_pct","national","2023","2023","","","cbr-current-fdd3b32693ac7cae:survey-2023-02","B","https://cbr.ru/Content/Document/File/144490/full.xlsx","cbr.ru","","","2023-02","survey_participants","annual_average_to_annual_average","respondent_min_max","respondent_median","fdd3b32693ac7cae212f38c091275351807d9e5fda6ffb55e539182b517da3f7","","","outputs/macro_data_audit_v1/raw/cbr/survey_full.xlsx","301574","2026-10-06T18:52:10.243174+00:00","3d78ca3923b1c160c3945539ed5197880f00625d6a84ba607a875acd59163a8d"
"macro_136f0b8d608eb05bc0290012fd0bcec0a2a1628eb8ffaca38f4a14589b564ac0","national:forecast_nominal_wage_growth_annual_pct:survey_participants","forecast_nominal_wage_growth_annual_pct","national","2023","2023","","","cbr-current-fdd3b32693ac7cae:survey-2023-03","B","https://cbr.ru/Content/Document/File/144490/full.xlsx","cbr.ru","","","2023-03","survey_participants","annual_average_to_annual_average","respondent_min_max","respondent_median","fdd3b32693ac7cae212f38c091275351807d9e5fda6ffb55e539182b517da3f7","","","outputs/macro_data_audit_v1/raw/cbr/survey_full.xlsx","301574","2026-10-06T18:52:10.243174+00:00","3d78ca3923b1c160c3945539ed5197880f00625d6a84ba607a875acd59163a8d"
"macro_c281341ec8ca3e9b3ee1fa8bbb59ab9cfeec872fc1a75d07f91e59d15b8c0da7","national:forecast_nominal_wage_growth_annual_pct:survey_participants","forecast_nominal_wage_growth_annual_pct","national","2023","2023","","","cbr-current-fdd3b32693ac7cae:survey-2023-04","B","https://cbr.ru/Content/Document/File/144490/full.xlsx","cbr.ru","","","2023-04","survey_participants","annual_average_to_annual_average","respondent_min_max","respondent_median","fdd3b32693ac7cae212f38c091275351807d9e5fda6ffb55e539182b517da3f7","","","outputs/macro_data_audit_v1/raw/cbr/survey_full.xlsx","301574","2026-10-06T18:52:10.243174+00:00","3d78ca3923b1c160c3945539ed5197880f00625d6a84ba607a875acd59163a8d"
"macro_18eb18412205a8b8a0d3e24b37e7ea0dd5c3feab6e1dad97c3a14a13cb8f9d99","national:forecast_nominal_wage_growth_annual_pct:survey_participants","forecast_nominal_wage_growth_annual_pct","national","2023","2023","","","cbr-current-fdd3b32693ac7cae:survey-2023-06","B","https://cbr.ru/Content/Document/File/144490/full.xlsx","cbr.ru","","","2023-06","survey_participants","annual_average_to_annual_average","respondent_min_max","respondent_median","fdd3b32693ac7cae212f38c091275351807d9e5fda6ffb55e539182b517da3f7","","","outputs/macro_data_audit_v1/raw/cbr/survey_full.xlsx","301574","2026-10-06T18:52:10.243174+00:00","3d78ca3923b1c160c3945539ed5197880f00625d6a84ba607a875acd59163a8d"
"macro_6839d48ac7bd0b9650dcb4b06cdcd311914fc14cd8a70d356dec3d11850b27c3","national:forecast_nominal_wage_growth_annual_pct:survey_participants","forecast_nominal_wage_growth_annual_pct","national","2023","2023","","","cbr-current-fdd3b32693ac7cae:survey-2023-07","B","https://cbr.ru/Content/Document/File/144490/full.xlsx","cbr.ru","","","2023-07","survey_participants","annual_average_to_annual_average","respondent_min_max","respondent_median","fdd3b32693ac7cae212f38c091275351807d9e5fda6ffb55e539182b517da3f7","","","outputs/macro_data_audit_v1/raw/cbr/survey_full.xlsx","301574","2026-10-06T18:52:10.243174+00:00","3d78ca3923b1c160c3945539ed5197880f00625d6a84ba607a875acd59163a8d"
"macro_59c00c9e9c2e170c8acfd7d80f16c594397c209cb2c839c9121ae1fab79bb011","national:forecast_nominal_wage_growth_annual_pct:survey_participants","forecast_nominal_wage_growth_annual_pct","national","2023","2023","","","cbr-current-fdd3b32693ac7cae:survey-2023-09","B","https://cbr.ru/Content/Document/File/144490/full.xlsx","cbr.ru","","","2023-09","survey_participants","annual_average_to_annual_average","respondent_min_max","respondent_median","fdd3b32693ac7cae212f38c091275351807d9e5fda6ffb55e539182b517da3f7","","","outputs/macro_data_audit_v1/raw/cbr/survey_full.xlsx","301574","2026-10-06T18:52:10.243174+00:00","3d78ca3923b1c160c3945539ed5197880f00625d6a84ba607a875acd59163a8d"
"macro_7515ef004ca5bed5dfede5ec2f23296fe175e611c9b568d5e59b571de4a7ac0e","national:forecast_nominal_wage_growth_annual_pct:survey_participants","forecast_nominal_wage_growth_annual_pct","national","2023","2023","","","cbr-current-fdd3b32693ac7cae:survey-2023-10","B","https://cbr.ru/Content/Document/File/144490/full.xlsx","cbr.ru","","","2023-10","survey_participants","annual_average_to_annual_average","respondent_min_max","respondent_median","fdd3b32693ac7cae212f38c091275351807d9e5fda6ffb55e539182b517da3f7","","","outputs/macro_data_audit_v1/raw/cbr/survey_full.xlsx","301574","2026-10-06T18:52:10.243174+00:00","3d78ca3923b1c160c3945539ed5197880f00625d6a84ba607a875acd59163a8d"
"macro_b466f8c3f2e7de4b56221c58c0dffebcf062823883fac0eb0ecf564ea7e5b7be","national:forecast_nominal_wage_growth_annual_pct:survey_participants","forecast_nominal_wage_growth_annual_pct","national","2023","2023","","","cbr-current-fdd3b32693ac7cae:survey-2023-12","B","https://cbr.ru/Content/Document/File/144490/full.xlsx","cbr.ru","","","2023-12","survey_participants","annual_average_to_annual_average","respondent_min_max","respondent_median","fdd3b32693ac7cae212f38c091275351807d9e5fda6ffb55e539182b517da3f7","","","outputs/macro_data_audit_v1/raw/cbr/survey_full.xlsx","301574","2026-10-06T18:52:10.243174+00:00","3d78ca3923b1c160c3945539ed5197880f00625d6a84ba607a875acd59163a8d"
"macro_808f02230f6694085079c656b0c4a0cc41c2551492317e1a1d63a22acf71eead","national:forecast_nominal_wage_growth_annual_pct:survey_participants","forecast_nominal_wage_growth_annual_pct","national","2023","2023","","","cbr-current-fdd3b32693ac7cae:survey-2024-02","B","https://cbr.ru/Content/Document/File/144490/full.xlsx","cbr.ru","","","2024-02","survey_participants","annual_average_to_annual_average","respondent_min_max","respondent_median","fdd3b32693ac7cae212f38c091275351807d9e5fda6ffb55e539182b517da3f7","","","outputs/macro_data_audit_v1/raw/cbr/survey_full.xlsx","301574","2026-10-06T18:52:10.243174+00:00","3d78ca3923b1c160c3945539ed5197880f00625d6a84ba607a875acd59163a8d"
"macro_0733f855e82db3e562a9422f00f8bf8730a2b6a3e3e479e3919aff616f9b740c","national:forecast_nominal_wage_growth_annual_pct:survey_participants","forecast_nominal_wage_growth_annual_pct","national","2024","2024","","","cbr-current-fdd3b32693ac7cae:survey-2022-12","B","https://cbr.ru/Content/Document/File/144490/full.xlsx","cbr.ru","","","2022-12","survey_participants","annual_average_to_annual_average","respondent_min_max","respondent_median","fdd3b32693ac7cae212f38c091275351807d9e5fda6ffb55e539182b517da3f7","","","outputs/macro_data_audit_v1/raw/cbr/survey_full.xlsx","301574","2026-10-06T18:52:10.243174+00:00","3d78ca3923b1c160c3945539ed5197880f00625d6a84ba607a875acd59163a8d"
"macro_75437f62925c62486ea84f31c99d751a756bd0f6033f1591a5834537603da511","national:forecast_nominal_wage_growth_annual_pct:survey_participants","forecast_nominal_wage_growth_annual_pct","national","2024","2024","","","cbr-current-fdd3b32693ac7cae:survey-2023-02","B","https://cbr.ru/Content/Document/File/144490/full.xlsx","cbr.ru","","","2023-02","survey_participants","annual_average_to_annual_average","respondent_min_max","respondent_median","fdd3b32693ac7cae212f38c091275351807d9e5fda6ffb55e539182b517da3f7","","","outputs/macro_data_audit_v1/raw/cbr/survey_full.xlsx","301574","2026-10-06T18:52:10.243174+00:00","3d78ca3923b1c160c3945539ed5197880f00625d6a84ba607a875acd59163a8d"
"macro_54e3a4a15d158638b884cd2bf63090c75bf3e2f0dad22eea8c010e7829d21c60","national:forecast_nominal_wage_growth_annual_pct:survey_participants","forecast_nominal_wage_growth_annual_pct","national","2024","2024","","","cbr-current-fdd3b32693ac7cae:survey-2023-03","B","https://cbr.ru/Content/Document/File/144490/full.xlsx","cbr.ru","","","2023-03","survey_participants","annual_average_to_annual_average","respondent_min_max","respondent_median","fdd3b32693ac7cae212f38c091275351807d9e5fda6ffb55e539182b517da3f7","","","outputs/macro_data_audit_v1/raw/cbr/survey_full.xlsx","301574","2026-10-06T18:52:10.243174+00:00","3d78ca3923b1c160c3945539ed5197880f00625d6a84ba607a875acd59163a8d"
"macro_13c374ecf122fae9900ac82850887e7bcf66dc4c72bb34b8e41673661a653bfb","national:forecast_nominal_wage_growth_annual_pct:survey_participants","forecast_nominal_wage_growth_annual_pct","national","2024","2024","","","cbr-current-fdd3b32693ac7cae:survey-2023-04","B","https://cbr.ru/Content/Document/File/144490/full.xlsx","cbr.ru","","","2023-04","survey_participants","annual_average_to_annual_average","respondent_min_max","respondent_median","fdd3b32693ac7cae212f38c091275351807d9e5fda6ffb55e539182b517da3f7","","","outputs/macro_data_audit_v1/raw/cbr/survey_full.xlsx","301574","2026-10-06T18:52:10.243174+00:00","3d78ca3923b1c160c3945539ed5197880f00625d6a84ba607a875acd59163a8d"
"macro_631a8af981674c8f90f066f5a5347aa8bace6a20737122219f807402ca026095","national:forecast_nominal_wage_growth_annual_pct:survey_participants","forecast_nominal_wage_growth_annual_pct","national","2024","2024","","","cbr-current-fdd3b32693ac7cae:survey-2023-06","B","https://cbr.ru/Content/Document/File/144490/full.xlsx","cbr.ru","","","2023-06","survey_participants","annual_average_to_annual_average","respondent_min_max","respondent_median","fdd3b32693ac7cae212f38c091275351807d9e5fda6ffb55e539182b517da3f7","","","outputs/macro_data_audit_v1/raw/cbr/survey_full.xlsx","301574","2026-10-06T18:52:10.243174+00:00","3d78ca3923b1c160c3945539ed5197880f00625d6a84ba607a875acd59163a8d"
"macro_f372e4925ff3080245557529d05d88b022d4c0151d1f981a42f392a7690eb96e","national:forecast_nominal_wage_growth_annual_pct:survey_participants","forecast_nominal_wage_growth_annual_pct","national","2024","2024","","","cbr-current-fdd3b32693ac7cae:survey-2023-07","B","https://cbr.ru/Content/Document/File/144490/full.xlsx","cbr.ru","","","2023-07","survey_participants","annual_average_to_annual_average","respondent_min_max","respondent_median","fdd3b32693ac7cae212f38c091275351807d9e5fda6ffb55e539182b517da3f7","","","outputs/macro_data_audit_v1/raw/cbr/survey_full.xlsx","301574","2026-10-06T18:52:10.243174+00:00","3d78ca3923b1c160c3945539ed5197880f00625d6a84ba607a875acd59163a8d"
"macro_2122c1d6ab1c795df7f25eacb127f7781bd9957284918a632918fe1f8c671d6b","national:forecast_nominal_wage_growth_annual_pct:survey_participants","forecast_nominal_wage_growth_annual_pct","national","2024","2024","","","cbr-current-fdd3b32693ac7cae:survey-2023-09","B","https://cbr.ru/Content/Document/File/144490/full.xlsx","cbr.ru","","","2023-09","survey_participants","annual_average_to_annual_average","respondent_min_max","respondent_median","fdd3b32693ac7cae212f38c091275351807d9e5fda6ffb55e539182b517da3f7","","","outputs/macro_data_audit_v1/raw/cbr/survey_full.xlsx","301574","2026-10-06T18:52:10.243174+00:00","3d78ca3923b1c160c3945539ed5197880f00625d6a84ba607a875acd59163a8d"
"macro_7ee836ae33f148cf6981193c50d11b4d4f7022ba1fe1883a7feb13b662e8d979","national:forecast_nominal_wage_growth_annual_pct:survey_participants","forecast_nominal_wage_growth_annual_pct","national","2024","2024","","","cbr-current-fdd3b32693ac7cae:survey-2023-10","B","https://cbr.ru/Content/Document/File/144490/full.xlsx","cbr.ru","","","2023-10","survey_participants","annual_average_to_annual_average","respondent_min_max","respondent_median","fdd3b32693ac7cae212f38c091275351807d9e5fda6ffb55e539182b517da3f7","","","outputs/macro_data_audit_v1/raw/cbr/survey_full.xlsx","301574","2026-10-06T18:52:10.243174+00:00","3d78ca3923b1c160c3945539ed5197880f00625d6a84ba607a875acd59163a8d"
"macro_610f7e06ac77c55a3e13b341c81407f1a99527ba0094995f1f0bad4161ccd247","national:forecast_nominal_wage_growth_annual_pct:survey_participants","forecast_nominal_wage_growth_annual_pct","national","2024","2024","","","cbr-current-fdd3b32693ac7cae:survey-2023-12","B","https://cbr.ru/Content/Document/File/144490/full.xlsx","cbr.ru","","","2023-12","survey_participants","annual_average_to_annual_average","respondent_min_max","respondent_median","fdd3b32693ac7cae212f38c091275351807d9e5fda6ffb55e539182b517da3f7","","","outputs/macro_data_audit_v1/raw/cbr/survey_full.xlsx","301574","2026-10-06T18:52:10.243174+00:00","3d78ca3923b1c160c3945539ed5197880f00625d6a84ba607a875acd59163a8d"
"macro_097c113c6a0e007e6031b1897436818322aaa6baf71b629a60b10d2fa2ce9af3","national:forecast_nominal_wage_growth_annual_pct:survey_participants","forecast_nominal_wage_growth_annual_pct","national","2024","2024","","","cbr-current-fdd3b32693ac7cae:survey-2024-02","B","https://cbr.ru/Content/Document/File/144490/full.xlsx","cbr.ru","","","2024-02","survey_participants","annual_average_to_annual_average","respondent_min_max","respondent_median","fdd3b32693ac7cae212f38c091275351807d9e5fda6ffb55e539182b517da3f7","","","outputs/macro_data_audit_v1/raw/cbr/survey_full.xlsx","301574","2026-10-06T18:52:10.243174+00:00","3d78ca3923b1c160c3945539ed5197880f00625d6a84ba607a875acd59163a8d"
"macro_fe62bae475c6fe52c207f50e5ba0850c39adc68fb492aba6bc9b3990b26663fd","national:forecast_nominal_wage_growth_annual_pct:survey_participants","forecast_nominal_wage_growth_annual_pct","national","2024","2024","","","cbr-current-fdd3b32693ac7cae:survey-2024-03","B","https://cbr.ru/Content/Document/File/144490/full.xlsx","cbr.ru","","","2024-03","survey_participants","annual_average_to_annual_average","respondent_min_max","respondent_median","fdd3b32693ac7cae212f38c091275351807d9e5fda6ffb55e539182b517da3f7","","","outputs/macro_data_audit_v1/raw/cbr/survey_full.xlsx","301574","2026-10-06T18:52:10.243174+00:00","3d78ca3923b1c160c3945539ed5197880f00625d6a84ba607a875acd59163a8d"
"macro_49ae36a718053307fea55da76af2e411430555a882839900ba590e56f036ba1b","national:forecast_nominal_wage_growth_annual_pct:survey_participants","forecast_nominal_wage_growth_annual_pct","national","2024","2024","","","cbr-current-fdd3b32693ac7cae:survey-2024-04","B","https://cbr.ru/Content/Document/File/144490/full.xlsx","cbr.ru","","","2024-04","survey_participants","annual_average_to_annual_average","respondent_min_max","respondent_median","fdd3b32693ac7cae212f38c091275351807d9e5fda6ffb55e539182b517da3f7","","","outputs/macro_data_audit_v1/raw/cbr/survey_full.xlsx","301574","2026-10-06T18:52:10.243174+00:00","3d78ca3923b1c160c3945539ed5197880f00625d6a84ba607a875acd59163a8d"
"macro_42b72a3d3207cf34f6b5061f064feceb043e50a2531ab4ec97fee0d827633b38","national:forecast_nominal_wage_growth_annual_pct:survey_participants","forecast_nominal_wage_growth_annual_pct","national","2024","2024","","","cbr-current-fdd3b32693ac7cae:survey-2024-05","B","https://cbr.ru/Content/Document/File/144490/full.xlsx","cbr.ru","","","2024-05","survey_participants","annual_average_to_annual_average","respondent_min_max","respondent_median","fdd3b32693ac7cae212f38c091275351807d9e5fda6ffb55e539182b517da3f7","","","outputs/macro_data_audit_v1/raw/cbr/survey_full.xlsx","301574","2026-10-06T18:52:10.243174+00:00","3d78ca3923b1c160c3945539ed5197880f00625d6a84ba607a875acd59163a8d"
"macro_3550ff12195759663eac0515197ac41e1156337488f9b40c0006bdfb312b6043","national:forecast_nominal_wage_growth_annual_pct:survey_participants","forecast_nominal_wage_growth_annual_pct","national","2024","2024","","","cbr-current-fdd3b32693ac7cae:survey-2024-07","B","https://cbr.ru/Content/Document/File/144490/full.xlsx","cbr.ru","","","2024-07","survey_participants","annual_average_to_annual_average","respondent_min_max","respondent_median","fdd3b32693ac7cae212f38c091275351807d9e5fda6ffb55e539182b517da3f7","","","outputs/macro_data_audit_v1/raw/cbr/survey_full.xlsx","301574","2026-10-06T18:52:10.243174+00:00","3d78ca3923b1c160c3945539ed5197880f00625d6a84ba607a875acd59163a8d"
"macro_202ac29ff4c1b744194ff9bf696e23186202f06ea49d2473ad5d89feaa68865b","national:forecast_nominal_wage_growth_annual_pct:survey_participants","forecast_nominal_wage_growth_annual_pct","national","2024","2024","","","cbr-current-fdd3b32693ac7cae:survey-2024-09","B","https://cbr.ru/Content/Document/File/144490/full.xlsx","cbr.ru","","","2024-09","survey_participants","annual_average_to_annual_average","respondent_min_max","respondent_median","fdd3b32693ac7cae212f38c091275351807d9e5fda6ffb55e539182b517da3f7","","","outputs/macro_data_audit_v1/raw/cbr/survey_full.xlsx","301574","2026-10-06T18:52:10.243174+00:00","3d78ca3923b1c160c3945539ed5197880f00625d6a84ba607a875acd59163a8d"
"macro_73bcfaa52a0069f76f4b4b395a62068c3b26fd24026a0f0cdcbe0e30723497bd","national:forecast_nominal_wage_growth_annual_pct:survey_participants","forecast_nominal_wage_growth_annual_pct","national","2024","2024","","","cbr-current-fdd3b32693ac7cae:survey-2024-10","B","https://cbr.ru/Content/Document/File/144490/full.xlsx","cbr.ru","","","2024-10","survey_participants","annual_average_to_annual_average","respondent_min_max","respondent_median","fdd3b32693ac7cae212f38c091275351807d9e5fda6ffb55e539182b517da3f7","","","outputs/macro_data_audit_v1/raw/cbr/survey_full.xlsx","301574","2026-10-06T18:52:10.243174+00:00","3d78ca3923b1c160c3945539ed5197880f00625d6a84ba607a875acd59163a8d"
"macro_fc0f0f451f451d64d3151e2009abf4d2cf540bfcc509d4d8b3022aabf1919e29","national:forecast_nominal_wage_growth_annual_pct:survey_participants","forecast_nominal_wage_growth_annual_pct","national","2025","2025","","","cbr-current-fdd3b32693ac7cae:survey-2022-12","B","https://cbr.ru/Content/Document/File/144490/full.xlsx","cbr.ru","","","2022-12","survey_participants","annual_average_to_annual_average","respondent_min_max","respondent_median","fdd3b32693ac7cae212f38c091275351807d9e5fda6ffb55e539182b517da3f7","","","outputs/macro_data_audit_v1/raw/cbr/survey_full.xlsx","301574","2026-10-06T18:52:10.243174+00:00","3d78ca3923b1c160c3945539ed5197880f00625d6a84ba607a875acd59163a8d"
"macro_93709c15059f59b33439969c8972483566456e9700de60a46c30991bf3a806b1","national:forecast_nominal_wage_growth_annual_pct:survey_participants","forecast_nominal_wage_growth_annual_pct","national","2025","2025","","","cbr-current-fdd3b32693ac7cae:survey-2023-02","B","https://cbr.ru/Content/Document/File/144490/full.xlsx","cbr.ru","","","2023-02","survey_participants","annual_average_to_annual_average","respondent_min_max","respondent_median","fdd3b32693ac7cae212f38c091275351807d9e5fda6ffb55e539182b517da3f7","","","outputs/macro_data_audit_v1/raw/cbr/survey_full.xlsx","301574","2026-10-06T18:52:10.243174+00:00","3d78ca3923b1c160c3945539ed5197880f00625d6a84ba607a875acd59163a8d"
"macro_b3c069fcb449a3ed7a66dad81f76cdfea24f2777e55eb4175319daa26ddb61f2","national:forecast_nominal_wage_growth_annual_pct:survey_participants","forecast_nominal_wage_growth_annual_pct","national","2025","2025","","","cbr-current-fdd3b32693ac7cae:survey-2023-03","B","https://cbr.ru/Content/Document/File/144490/full.xlsx","cbr.ru","","","2023-03","survey_participants","annual_average_to_annual_average","respondent_min_max","respondent_median","fdd3b32693ac7cae212f38c091275351807d9e5fda6ffb55e539182b517da3f7","","","outputs/macro_data_audit_v1/raw/cbr/survey_full.xlsx","301574","2026-10-06T18:52:10.243174+00:00","3d78ca3923b1c160c3945539ed5197880f00625d6a84ba607a875acd59163a8d"
"macro_588341a91201083bbdfb39c6211eaba79bbf41ec928714206124254af0d1e472","national:forecast_nominal_wage_growth_annual_pct:survey_participants","forecast_nominal_wage_growth_annual_pct","national","2025","2025","","","cbr-current-fdd3b32693ac7cae:survey-2023-04","B","https://cbr.ru/Content/Document/File/144490/full.xlsx","cbr.ru","","","2023-04","survey_participants","annual_average_to_annual_average","respondent_min_max","respondent_median","fdd3b32693ac7cae212f38c091275351807d9e5fda6ffb55e539182b517da3f7","","","outputs/macro_data_audit_v1/raw/cbr/survey_full.xlsx","301574","2026-10-06T18:52:10.243174+00:00","3d78ca3923b1c160c3945539ed5197880f00625d6a84ba607a875acd59163a8d"
"macro_3690994b659f90e9cc138399a9b86289b29a0dd044991ad946f95c7f05b2cc9b","national:forecast_nominal_wage_growth_annual_pct:survey_participants","forecast_nominal_wage_growth_annual_pct","national","2025","2025","","","cbr-current-fdd3b32693ac7cae:survey-2023-06","B","https://cbr.ru/Content/Document/File/144490/full.xlsx","cbr.ru","","","2023-06","survey_participants","annual_average_to_annual_average","respondent_min_max","respondent_median","fdd3b32693ac7cae212f38c091275351807d9e5fda6ffb55e539182b517da3f7","","","outputs/macro_data_audit_v1/raw/cbr/survey_full.xlsx","301574","2026-10-06T18:52:10.243174+00:00","3d78ca3923b1c160c3945539ed5197880f00625d6a84ba607a875acd59163a8d"
"macro_16ed866e54e1b15c093c93ad4b5a055ceb8c3daca1b9bf972854bdd4e068304e","national:forecast_nominal_wage_growth_annual_pct:survey_participants","forecast_nominal_wage_growth_annual_pct","national","2025","2025","","","cbr-current-fdd3b32693ac7cae:survey-2023-07","B","https://cbr.ru/Content/Document/File/144490/full.xlsx","cbr.ru","","","2023-07","survey_participants","annual_average_to_annual_average","respondent_min_max","respondent_median","fdd3b32693ac7cae212f38c091275351807d9e5fda6ffb55e539182b517da3f7","","","outputs/macro_data_audit_v1/raw/cbr/survey_full.xlsx","301574","2026-10-06T18:52:10.243174+00:00","3d78ca3923b1c160c3945539ed5197880f00625d6a84ba607a875acd59163a8d"
"macro_2ea9e65fd6639ed7f98d5221597d9e3267c7b27ca3b99100628a0d5ecc8bf74e","national:forecast_nominal_wage_growth_annual_pct:survey_participants","forecast_nominal_wage_growth_annual_pct","national","2025","2025","","","cbr-current-fdd3b32693ac7cae:survey-2023-09","B","https://cbr.ru/Content/Document/File/144490/full.xlsx","cbr.ru","","","2023-09","survey_participants","annual_average_to_annual_average","respondent_min_max","respondent_median","fdd3b32693ac7cae212f38c091275351807d9e5fda6ffb55e539182b517da3f7","","","outputs/macro_data_audit_v1/raw/cbr/survey_full.xlsx","301574","2026-10-06T18:52:10.243174+00:00","3d78ca3923b1c160c3945539ed5197880f00625d6a84ba607a875acd59163a8d"
"macro_c500ab96967cda651bc3597fcb18dbf72e573dd9f6072fbfef14af1f8650a3f7","national:forecast_nominal_wage_growth_annual_pct:survey_participants","forecast_nominal_wage_growth_annual_pct","national","2025","2025","","","cbr-current-fdd3b32693ac7cae:survey-2023-10","B","https://cbr.ru/Content/Document/File/144490/full.xlsx","cbr.ru","","","2023-10","survey_participants","annual_average_to_annual_average","respondent_min_max","respondent_median","fdd3b32693ac7cae212f38c091275351807d9e5fda6ffb55e539182b517da3f7","","","outputs/macro_data_audit_v1/raw/cbr/survey_full.xlsx","301574","2026-10-06T18:52:10.243174+00:00","3d78ca3923b1c160c3945539ed5197880f00625d6a84ba607a875acd59163a8d"
"macro_93e82fac851612d40b8d69e7058efe6983ad1ad803b4f1d9202f861a24483201","national:forecast_nominal_wage_growth_annual_pct:survey_participants","forecast_nominal_wage_growth_annual_pct","national","2025","2025","","","cbr-current-fdd3b32693ac7cae:survey-2023-12","B","https://cbr.ru/Content/Document/File/144490/full.xlsx","cbr.ru","","","2023-12","survey_participants","annual_average_to_annual_average","respondent_min_max","respondent_median","fdd3b32693ac7cae212f38c091275351807d9e5fda6ffb55e539182b517da3f7","","","outputs/macro_data_audit_v1/raw/cbr/survey_full.xlsx","301574","2026-10-06T18:52:10.243174+00:00","3d78ca3923b1c160c3945539ed5197880f00625d6a84ba607a875acd59163a8d"
"macro_c9bc4f815b09bd8677cd7a82e483d57cba8d554c104f45406cfe92767dc132fa","national:forecast_nominal_wage_growth_annual_pct:survey_participants","forecast_nominal_wage_growth_annual_pct","national","2025","2025","","","cbr-current-fdd3b32693ac7cae:survey-2024-02","B","https://cbr.ru/Content/Document/File/144490/full.xlsx","cbr.ru","","","2024-02","survey_participants","annual_average_to_annual_average","respondent_min_max","respondent_median","fdd3b32693ac7cae212f38c091275351807d9e5fda6ffb55e539182b517da3f7","","","outputs/macro_data_audit_v1/raw/cbr/survey_full.xlsx","301574","2026-10-06T18:52:10.243174+00:00","3d78ca3923b1c160c3945539ed5197880f00625d6a84ba607a875acd59163a8d"
"macro_dbff85e47205183a1cf83d3560924a63728b6b695bfe4ef94b62817e14362eb8","national:forecast_nominal_wage_growth_annual_pct:survey_participants","forecast_nominal_wage_growth_annual_pct","national","2025","2025","","","cbr-current-fdd3b32693ac7cae:survey-2024-03","B","https://cbr.ru/Content/Document/File/144490/full.xlsx","cbr.ru","","","2024-03","survey_participants","annual_average_to_annual_average","respondent_min_max","respondent_median","fdd3b32693ac7cae212f38c091275351807d9e5fda6ffb55e539182b517da3f7","","","outputs/macro_data_audit_v1/raw/cbr/survey_full.xlsx","301574","2026-10-06T18:52:10.243174+00:00","3d78ca3923b1c160c3945539ed5197880f00625d6a84ba607a875acd59163a8d"
"macro_aedacbecf7204621beee1d4e5e155d0969642baa9bef9f7ff8c3d3000409ca18","national:forecast_nominal_wage_growth_annual_pct:survey_participants","forecast_nominal_wage_growth_annual_pct","national","2025","2025","","","cbr-current-fdd3b32693ac7cae:survey-2024-04","B","https://cbr.ru/Content/Document/File/144490/full.xlsx","cbr.ru","","","2024-04","survey_participants","annual_average_to_annual_average","respondent_min_max","respondent_median","fdd3b32693ac7cae212f38c091275351807d9e5fda6ffb55e539182b517da3f7","","","outputs/macro_data_audit_v1/raw/cbr/survey_full.xlsx","301574","2026-10-06T18:52:10.243174+00:00","3d78ca3923b1c160c3945539ed5197880f00625d6a84ba607a875acd59163a8d"
"macro_9406c028771d99fb74563a4fc352cf22272b4b124d0c8af29a3119ff74e7880a","national:forecast_nominal_wage_growth_annual_pct:survey_participants","forecast_nominal_wage_growth_annual_pct","national","2025","2025","","","cbr-current-fdd3b32693ac7cae:survey-2024-05","B","https://cbr.ru/Content/Document/File/144490/full.xlsx","cbr.ru","","","2024-05","survey_participants","annual_average_to_annual_average","respondent_min_max","respondent_median","fdd3b32693ac7cae212f38c091275351807d9e5fda6ffb55e539182b517da3f7","","","outputs/macro_data_audit_v1/raw/cbr/survey_full.xlsx","301574","2026-10-06T18:52:10.243174+00:00","3d78ca3923b1c160c3945539ed5197880f00625d6a84ba607a875acd59163a8d"
"macro_7274bb965a9a7811dbb6d8e9d11da1b908ec45199dc01e330ae3c8930a3107a8","national:forecast_nominal_wage_growth_annual_pct:survey_participants","forecast_nominal_wage_growth_annual_pct","national","2025","2025","","","cbr-current-fdd3b32693ac7cae:survey-2024-07","B","https://cbr.ru/Content/Document/File/144490/full.xlsx","cbr.ru","","","2024-07","survey_participants","annual_average_to_annual_average","respondent_min_max","respondent_median","fdd3b32693ac7cae212f38c091275351807d9e5fda6ffb55e539182b517da3f7","","","outputs/macro_data_audit_v1/raw/cbr/survey_full.xlsx","301574","2026-10-06T18:52:10.243174+00:00","3d78ca3923b1c160c3945539ed5197880f00625d6a84ba607a875acd59163a8d"
"macro_c16466a18434b19cf781fd4ab43119383da61c26ff63f2a8970bd0aed3888cbe","national:forecast_nominal_wage_growth_annual_pct:survey_participants","forecast_nominal_wage_growth_annual_pct","national","2025","2025","","","cbr-current-fdd3b32693ac7cae:survey-2024-09","B","https://cbr.ru/Content/Document/File/144490/full.xlsx","cbr.ru","","","2024-09","survey_participants","annual_average_to_annual_average","respondent_min_max","respondent_median","fdd3b32693ac7cae212f38c091275351807d9e5fda6ffb55e539182b517da3f7","","","outputs/macro_data_audit_v1/raw/cbr/survey_full.xlsx","301574","2026-10-06T18:52:10.243174+00:00","3d78ca3923b1c160c3945539ed5197880f00625d6a84ba607a875acd59163a8d"
"macro_f7133a05e3f6f8a672ee632f6b7f94b60cb8776149ca7a1475ea48f92189925b","national:forecast_nominal_wage_growth_annual_pct:survey_participants","forecast_nominal_wage_growth_annual_pct","national","2025","2025","","","cbr-current-fdd3b32693ac7cae:survey-2024-10","B","https://cbr.ru/Content/Document/File/144490/full.xlsx","cbr.ru","","","2024-10","survey_participants","annual_average_to_annual_average","respondent_min_max","respondent_median","fdd3b32693ac7cae212f38c091275351807d9e5fda6ffb55e539182b517da3f7","","","outputs/macro_data_audit_v1/raw/cbr/survey_full.xlsx","301574","2026-10-06T18:52:10.243174+00:00","3d78ca3923b1c160c3945539ed5197880f00625d6a84ba607a875acd59163a8d"
"macro_cb356ea06ffa81745388ab6d4fa2a3245ddda5a7ca12477912a63de9c119c5bd","national:forecast_nominal_wage_growth_annual_pct:survey_participants","forecast_nominal_wage_growth_annual_pct","national","2026","2026","","","cbr-current-fdd3b32693ac7cae:survey-2023-09","B","https://cbr.ru/Content/Document/File/144490/full.xlsx","cbr.ru","","","2023-09","survey_participants","annual_average_to_annual_average","respondent_min_max","respondent_median","fdd3b32693ac7cae212f38c091275351807d9e5fda6ffb55e539182b517da3f7","","","outputs/macro_data_audit_v1/raw/cbr/survey_full.xlsx","301574","2026-10-06T18:52:10.243174+00:00","3d78ca3923b1c160c3945539ed5197880f00625d6a84ba607a875acd59163a8d"
"macro_b8fb1782a2491c726ec939a9f64247745c91caa34c9f4343f5b77e0074fc2f7e","national:forecast_nominal_wage_growth_annual_pct:survey_participants","forecast_nominal_wage_growth_annual_pct","national","2026","2026","","","cbr-current-fdd3b32693ac7cae:survey-2023-10","B","https://cbr.ru/Content/Document/File/144490/full.xlsx","cbr.ru","","","2023-10","survey_participants","annual_average_to_annual_average","respondent_min_max","respondent_median","fdd3b32693ac7cae212f38c091275351807d9e5fda6ffb55e539182b517da3f7","","","outputs/macro_data_audit_v1/raw/cbr/survey_full.xlsx","301574","2026-10-06T18:52:10.243174+00:00","3d78ca3923b1c160c3945539ed5197880f00625d6a84ba607a875acd59163a8d"
"macro_84178f741b66fb31ed172ce6ce456411d3a911f2d300c449d61f97ecd31f219e","national:forecast_nominal_wage_growth_annual_pct:survey_participants","forecast_nominal_wage_growth_annual_pct","national","2026","2026","","","cbr-current-fdd3b32693ac7cae:survey-2023-12","B","https://cbr.ru/Content/Document/File/144490/full.xlsx","cbr.ru","","","2023-12","survey_participants","annual_average_to_annual_average","respondent_min_max","respondent_median","fdd3b32693ac7cae212f38c091275351807d9e5fda6ffb55e539182b517da3f7","","","outputs/macro_data_audit_v1/raw/cbr/survey_full.xlsx","301574","2026-10-06T18:52:10.243174+00:00","3d78ca3923b1c160c3945539ed5197880f00625d6a84ba607a875acd59163a8d"
"macro_102aa09192b700c18fd0fb7d6fefeb14c8d9576001e0052898ef181911dc8503","national:forecast_nominal_wage_growth_annual_pct:survey_participants","forecast_nominal_wage_growth_annual_pct","national","2026","2026","","","cbr-current-fdd3b32693ac7cae:survey-2024-02","B","https://cbr.ru/Content/Document/File/144490/full.xlsx","cbr.ru","","","2024-02","survey_participants","annual_average_to_annual_average","respondent_min_max","respondent_median","fdd3b32693ac7cae212f38c091275351807d9e5fda6ffb55e539182b517da3f7","","","outputs/macro_data_audit_v1/raw/cbr/survey_full.xlsx","301574","2026-10-06T18:52:10.243174+00:00","3d78ca3923b1c160c3945539ed5197880f00625d6a84ba607a875acd59163a8d"
"macro_61fda35506cbe582e4772fdaac615420ffbf72ae0ebc3cee6e01f85620345613","national:forecast_nominal_wage_growth_annual_pct:survey_participants","forecast_nominal_wage_growth_annual_pct","national","2026","2026","","","cbr-current-fdd3b32693ac7cae:survey-2024-03","B","https://cbr.ru/Content/Document/File/144490/full.xlsx","cbr.ru","","","2024-03","survey_participants","annual_average_to_annual_average","respondent_min_max","respondent_median","fdd3b32693ac7cae212f38c091275351807d9e5fda6ffb55e539182b517da3f7","","","outputs/macro_data_audit_v1/raw/cbr/survey_full.xlsx","301574","2026-10-06T18:52:10.243174+00:00","3d78ca3923b1c160c3945539ed5197880f00625d6a84ba607a875acd59163a8d"
"macro_ae919fb6bf427056ebbf35684958b7bfc4acc8c3287bfdd9572adf8d643c17ef","national:forecast_nominal_wage_growth_annual_pct:survey_participants","forecast_nominal_wage_growth_annual_pct","national","2026","2026","","","cbr-current-fdd3b32693ac7cae:survey-2024-04","B","https://cbr.ru/Content/Document/File/144490/full.xlsx","cbr.ru","","","2024-04","survey_participants","annual_average_to_annual_average","respondent_min_max","respondent_median","fdd3b32693ac7cae212f38c091275351807d9e5fda6ffb55e539182b517da3f7","","","outputs/macro_data_audit_v1/raw/cbr/survey_full.xlsx","301574","2026-10-06T18:52:10.243174+00:00","3d78ca3923b1c160c3945539ed5197880f00625d6a84ba607a875acd59163a8d"
"macro_8e291f3642973b0bab741a640cb9e196dd0f4e27000b9918385516e3b48b3dcf","national:forecast_nominal_wage_growth_annual_pct:survey_participants","forecast_nominal_wage_growth_annual_pct","national","2026","2026","","","cbr-current-fdd3b32693ac7cae:survey-2024-05","B","https://cbr.ru/Content/Document/File/144490/full.xlsx","cbr.ru","","","2024-05","survey_participants","annual_average_to_annual_average","respondent_min_max","respondent_median","fdd3b32693ac7cae212f38c091275351807d9e5fda6ffb55e539182b517da3f7","","","outputs/macro_data_audit_v1/raw/cbr/survey_full.xlsx","301574","2026-10-06T18:52:10.243174+00:00","3d78ca3923b1c160c3945539ed5197880f00625d6a84ba607a875acd59163a8d"
"macro_018ec946dc5b9893aa101800c43cc012b397f8f9ec6b895742ad45468907ce11","national:forecast_nominal_wage_growth_annual_pct:survey_participants","forecast_nominal_wage_growth_annual_pct","national","2026","2026","","","cbr-current-fdd3b32693ac7cae:survey-2024-07","B","https://cbr.ru/Content/Document/File/144490/full.xlsx","cbr.ru","","","2024-07","survey_participants","annual_average_to_annual_average","respondent_min_max","respondent_median","fdd3b32693ac7cae212f38c091275351807d9e5fda6ffb55e539182b517da3f7","","","outputs/macro_data_audit_v1/raw/cbr/survey_full.xlsx","301574","2026-10-06T18:52:10.243174+00:00","3d78ca3923b1c160c3945539ed5197880f00625d6a84ba607a875acd59163a8d"
"macro_7a827b67b8ae11b817e18526b34b6e58bcb0e533f3d3bb8efe2817e46ae44f10","national:forecast_nominal_wage_growth_annual_pct:survey_participants","forecast_nominal_wage_growth_annual_pct","national","2026","2026","","","cbr-current-fdd3b32693ac7cae:survey-2024-09","B","https://cbr.ru/Content/Document/File/144490/full.xlsx","cbr.ru","","","2024-09","survey_participants","annual_average_to_annual_average","respondent_min_max","respondent_median","fdd3b32693ac7cae212f38c091275351807d9e5fda6ffb55e539182b517da3f7","","","outputs/macro_data_audit_v1/raw/cbr/survey_full.xlsx","301574","2026-10-06T18:52:10.243174+00:00","3d78ca3923b1c160c3945539ed5197880f00625d6a84ba607a875acd59163a8d"
"macro_c9527d278c669245f7876fe9ee38dc7e880d54342bf5b5cfee7da39cf901474c","national:forecast_nominal_wage_growth_annual_pct:survey_participants","forecast_nominal_wage_growth_annual_pct","national","2026","2026","","","cbr-current-fdd3b32693ac7cae:survey-2024-10","B","https://cbr.ru/Content/Document/File/144490/full.xlsx","cbr.ru","","","2024-10","survey_participants","annual_average_to_annual_average","respondent_min_max","respondent_median","fdd3b32693ac7cae212f38c091275351807d9e5fda6ffb55e539182b517da3f7","","","outputs/macro_data_audit_v1/raw/cbr/survey_full.xlsx","301574","2026-10-06T18:52:10.243174+00:00","3d78ca3923b1c160c3945539ed5197880f00625d6a84ba607a875acd59163a8d"
"macro_efe0281eb86bcb9269e1c7a3a9dabef37f53653e74d0e0e2e994ad5b3df04b1f","national:forecast_nominal_wage_growth_annual_pct:survey_participants","forecast_nominal_wage_growth_annual_pct","national","2027","2027","","","cbr-current-fdd3b32693ac7cae:survey-2024-07","B","https://cbr.ru/Content/Document/File/144490/full.xlsx","cbr.ru","","","2024-07","survey_participants","annual_average_to_annual_average","respondent_min_max","respondent_median","fdd3b32693ac7cae212f38c091275351807d9e5fda6ffb55e539182b517da3f7","","","outputs/macro_data_audit_v1/raw/cbr/survey_full.xlsx","301574","2026-10-06T18:52:10.243174+00:00","3d78ca3923b1c160c3945539ed5197880f00625d6a84ba607a875acd59163a8d"
"macro_c9a3f6fa47af9df7a9c5f630b783844d22f9ef0628c88222c6d802a064928eb4","national:forecast_nominal_wage_growth_annual_pct:survey_participants","forecast_nominal_wage_growth_annual_pct","national","2027","2027","","","cbr-current-fdd3b32693ac7cae:survey-2024-09","B","https://cbr.ru/Content/Document/File/144490/full.xlsx","cbr.ru","","","2024-09","survey_participants","annual_average_to_annual_average","respondent_min_max","respondent_median","fdd3b32693ac7cae212f38c091275351807d9e5fda6ffb55e539182b517da3f7","","","outputs/macro_data_audit_v1/raw/cbr/survey_full.xlsx","301574","2026-10-06T18:52:10.243174+00:00","3d78ca3923b1c160c3945539ed5197880f00625d6a84ba607a875acd59163a8d"
"macro_5fa966ae70656b4ef827c13d21651449ba827702e40a4fc32ea8ddd2bc423635","national:forecast_nominal_wage_growth_annual_pct:survey_participants","forecast_nominal_wage_growth_annual_pct","national","2027","2027","","","cbr-current-fdd3b32693ac7cae:survey-2024-10","B","https://cbr.ru/Content/Document/File/144490/full.xlsx","cbr.ru","","","2024-10","survey_participants","annual_average_to_annual_average","respondent_min_max","respondent_median","fdd3b32693ac7cae212f38c091275351807d9e5fda6ffb55e539182b517da3f7","","","outputs/macro_data_audit_v1/raw/cbr/survey_full.xlsx","301574","2026-10-06T18:52:10.243174+00:00","3d78ca3923b1c160c3945539ed5197880f00625d6a84ba607a875acd59163a8d"
"macro_08eac6d6d995cb2407d9c0bdb043d72ac1e8d2529d2aff1c5a940b4c03d75cb3","national:forecast_consumption_growth_annual_pct:Bank of Russia","forecast_consumption_growth_annual_pct","national","2023","2023","2023-11-07","2023-11-07","cbr-consumption-2023-11-07-updated-2023-11-07","A","https://cbr.ru/about_br/publ/ddkp/longread_4_44/","cbr.ru","2023-11-07","","","Bank of Russia","annual_real_volume_growth","official_forecast_range","interval_midpoint_not_official_central","b14e14379ad7c948e125fd9a90d17a3ab4c2954164b5961fe700bbbb126433ce","","","outputs/macro_data_audit_v1/raw/cbr/consumption_longread_4_44.html","391745","2026-10-06T18:56:10.152515+00:00","3d78ca3923b1c160c3945539ed5197880f00625d6a84ba607a875acd59163a8d"
"macro_c8af33058887e53032f6d8cf110860adba84c3a52e5341f15fbd20e525554060","national:forecast_consumption_growth_annual_pct:Bank of Russia","forecast_consumption_growth_annual_pct","national","2024","2024","2023-11-07","2023-11-07","cbr-consumption-2023-11-07-updated-2023-11-07","A","https://cbr.ru/about_br/publ/ddkp/longread_4_44/","cbr.ru","2023-11-07","","","Bank of Russia","annual_real_volume_growth","official_forecast_range","interval_midpoint_not_official_central","b14e14379ad7c948e125fd9a90d17a3ab4c2954164b5961fe700bbbb126433ce","","","outputs/macro_data_audit_v1/raw/cbr/consumption_longread_4_44.html","391745","2026-10-06T18:56:10.152515+00:00","3d78ca3923b1c160c3945539ed5197880f00625d6a84ba607a875acd59163a8d"
"macro_0dd77a26d3023ae4cfa5004947c1057eee3dd148009ec8c673e580d611da24dc","national:forecast_consumption_growth_annual_pct:Bank of Russia","forecast_consumption_growth_annual_pct","national","2025","2025","2023-11-07","2023-11-07","cbr-consumption-2023-11-07-updated-2023-11-07","A","https://cbr.ru/about_br/publ/ddkp/longread_4_44/","cbr.ru","2023-11-07","","","Bank of Russia","annual_real_volume_growth","official_forecast_range","interval_midpoint_not_official_central","b14e14379ad7c948e125fd9a90d17a3ab4c2954164b5961fe700bbbb126433ce","","","outputs/macro_data_audit_v1/raw/cbr/consumption_longread_4_44.html","391745","2026-10-06T18:56:10.152515+00:00","3d78ca3923b1c160c3945539ed5197880f00625d6a84ba607a875acd59163a8d"
"macro_3bd18c5b863dc1abb78e37a822d98e825cf032834d884e4713b2ec81f0e5146a","national:forecast_consumption_growth_annual_pct:Bank of Russia","forecast_consumption_growth_annual_pct","national","2026","2026","2023-11-07","2023-11-07","cbr-consumption-2023-11-07-updated-2023-11-07","A","https://cbr.ru/about_br/publ/ddkp/longread_4_44/","cbr.ru","2023-11-07","","","Bank of Russia","annual_real_volume_growth","official_forecast_range","interval_midpoint_not_official_central","b14e14379ad7c948e125fd9a90d17a3ab4c2954164b5961fe700bbbb126433ce","","","outputs/macro_data_audit_v1/raw/cbr/consumption_longread_4_44.html","391745","2026-10-06T18:56:10.152515+00:00","3d78ca3923b1c160c3945539ed5197880f00625d6a84ba607a875acd59163a8d"
"macro_aab260cb62471660f785f3871157084a299f97cf76885b110abc1df4b62c0246","national:forecast_consumption_growth_annual_pct:Bank of Russia","forecast_consumption_growth_annual_pct","national","2023","2023","2023-07-31","2023-07-31","cbr-consumption-2023-07-31-updated-2023-07-31","A","https://cbr.ru/about_br/publ/ddkp/longread_3_43/","cbr.ru","2023-07-31","","","Bank of Russia","annual_real_volume_growth","official_forecast_range","interval_midpoint_not_official_central","7a6f246d0a26df66e3dd5e8087b294bb08ded24e28ca89ee247b526a77f4d9f6","","","outputs/macro_data_audit_v1/raw/cbr/consumption_longread_3_43.html","381335","2026-10-06T18:56:12.302912+00:00","3d78ca3923b1c160c3945539ed5197880f00625d6a84ba607a875acd59163a8d"
"macro_326448a8fa51d2e325b443b795742c6c86b35d8490dd6b716a0d82eaa48e3293","national:forecast_consumption_growth_annual_pct:Bank of Russia","forecast_consumption_growth_annual_pct","national","2024","2024","2023-07-31","2023-07-31","cbr-consumption-2023-07-31-updated-2023-07-31","A","https://cbr.ru/about_br/publ/ddkp/longread_3_43/","cbr.ru","2023-07-31","","","Bank of Russia","annual_real_volume_growth","official_forecast_range","interval_midpoint_not_official_central","7a6f246d0a26df66e3dd5e8087b294bb08ded24e28ca89ee247b526a77f4d9f6","","","outputs/macro_data_audit_v1/raw/cbr/consumption_longread_3_43.html","381335","2026-10-06T18:56:12.302912+00:00","3d78ca3923b1c160c3945539ed5197880f00625d6a84ba607a875acd59163a8d"
"macro_674437bd9c88ea858344fbdf4656aeea91e57318dbfd127f508786b2eea13c9c","national:forecast_consumption_growth_annual_pct:Bank of Russia","forecast_consumption_growth_annual_pct","national","2025","2025","2023-07-31","2023-07-31","cbr-consumption-2023-07-31-updated-2023-07-31","A","https://cbr.ru/about_br/publ/ddkp/longread_3_43/","cbr.ru","2023-07-31","","","Bank of Russia","annual_real_volume_growth","official_forecast_range","interval_midpoint_not_official_central","7a6f246d0a26df66e3dd5e8087b294bb08ded24e28ca89ee247b526a77f4d9f6","","","outputs/macro_data_audit_v1/raw/cbr/consumption_longread_3_43.html","381335","2026-10-06T18:56:12.302912+00:00","3d78ca3923b1c160c3945539ed5197880f00625d6a84ba607a875acd59163a8d"
"macro_a12d91d0880ec352c38a21e4402eaf2f75ed829ca2096ded5c71de3e6b259601","national:forecast_consumption_growth_annual_pct:Bank of Russia","forecast_consumption_growth_annual_pct","national","2026","2026","2023-07-31","2023-07-31","cbr-consumption-2023-07-31-updated-2023-07-31","A","https://cbr.ru/about_br/publ/ddkp/longread_3_43/","cbr.ru","2023-07-31","","","Bank of Russia","annual_real_volume_growth","official_forecast_range","interval_midpoint_not_official_central","7a6f246d0a26df66e3dd5e8087b294bb08ded24e28ca89ee247b526a77f4d9f6","","","outputs/macro_data_audit_v1/raw/cbr/consumption_longread_3_43.html","381335","2026-10-06T18:56:12.302912+00:00","3d78ca3923b1c160c3945539ed5197880f00625d6a84ba607a875acd59163a8d"
"macro_3dc890b3a7722123b69db9b2ba1aed93c02a21cefe66af2e451206551ded18db","national:forecast_consumption_growth_annual_pct:Bank of Russia","forecast_consumption_growth_annual_pct","national","2023","2023","2023-05-11","2023-05-11","cbr-consumption-2023-05-11-updated-2023-05-11","A","https://cbr.ru/about_br/publ/ddkp/longread_2_42/","cbr.ru","2023-05-11","","","Bank of Russia","annual_real_volume_growth","official_forecast_range","interval_midpoint_not_official_central","e25cf53b69702d6aab369a16c84bd28686557bd02cf2f4589d08e8ebe70f9a14","","","outputs/macro_data_audit_v1/raw/cbr/consumption_longread_2_42.html","370385","2026-10-06T18:56:12.113794+00:00","3d78ca3923b1c160c3945539ed5197880f00625d6a84ba607a875acd59163a8d"
"macro_a974ae547b88dbc1321cfec107a4b589fde200ceb6e2d0ffdfd0c911d4be31a7","national:forecast_consumption_growth_annual_pct:Bank of Russia","forecast_consumption_growth_annual_pct","national","2024","2024","2023-05-11","2023-05-11","cbr-consumption-2023-05-11-updated-2023-05-11","A","https://cbr.ru/about_br/publ/ddkp/longread_2_42/","cbr.ru","2023-05-11","","","Bank of Russia","annual_real_volume_growth","official_forecast_range","interval_midpoint_not_official_central","e25cf53b69702d6aab369a16c84bd28686557bd02cf2f4589d08e8ebe70f9a14","","","outputs/macro_data_audit_v1/raw/cbr/consumption_longread_2_42.html","370385","2026-10-06T18:56:12.113794+00:00","3d78ca3923b1c160c3945539ed5197880f00625d6a84ba607a875acd59163a8d"
"macro_68519126fdaaed99d931a4c40ecf5fd7e2d7042f6f7623f2bd55e65cd9acfc1a","national:forecast_consumption_growth_annual_pct:Bank of Russia","forecast_consumption_growth_annual_pct","national","2025","2025","2023-05-11","2023-05-11","cbr-consumption-2023-05-11-updated-2023-05-11","A","https://cbr.ru/about_br/publ/ddkp/longread_2_42/","cbr.ru","2023-05-11","","","Bank of Russia","annual_real_volume_growth","official_forecast_range","interval_midpoint_not_official_central","e25cf53b69702d6aab369a16c84bd28686557bd02cf2f4589d08e8ebe70f9a14","","","outputs/macro_data_audit_v1/raw/cbr/consumption_longread_2_42.html","370385","2026-10-06T18:56:12.113794+00:00","3d78ca3923b1c160c3945539ed5197880f00625d6a84ba607a875acd59163a8d"
"macro_118656697e22c3fcad8e5140558a9178f85cf3fd4a8f48cbcb9db52c9115cb4f","national:forecast_consumption_growth_annual_pct:Bank of Russia","forecast_consumption_growth_annual_pct","national","2023","2023","2023-02-20","2023-02-20","cbr-consumption-2023-02-20-updated-2023-02-20","A","https://cbr.ru/about_br/publ/ddkp/longread_1_41/","cbr.ru","2023-02-20","","","Bank of Russia","annual_real_volume_growth","official_forecast_range","interval_midpoint_not_official_central","f66cea5e80f57d59cdbce7ed5a08d9a086917bf398d5111bf280c684bc18425f","","","outputs/macro_data_audit_v1/raw/cbr/consumption_longread_1_41.html","363193","2026-10-06T18:56:11.845987+00:00","3d78ca3923b1c160c3945539ed5197880f00625d6a84ba607a875acd59163a8d"
"macro_a30c75dc94c21348989dd7ee8a90264f3d33ffdf57ac56c94ddcf194396eb4bf","national:forecast_consumption_growth_annual_pct:Bank of Russia","forecast_consumption_growth_annual_pct","national","2024","2024","2023-02-20","2023-02-20","cbr-consumption-2023-02-20-updated-2023-02-20","A","https://cbr.ru/about_br/publ/ddkp/longread_1_41/","cbr.ru","2023-02-20","","","Bank of Russia","annual_real_volume_growth","official_forecast_range","interval_midpoint_not_official_central","f66cea5e80f57d59cdbce7ed5a08d9a086917bf398d5111bf280c684bc18425f","","","outputs/macro_data_audit_v1/raw/cbr/consumption_longread_1_41.html","363193","2026-10-06T18:56:11.845987+00:00","3d78ca3923b1c160c3945539ed5197880f00625d6a84ba607a875acd59163a8d"
"macro_d8b34bf1bbe4f134a3fb01880f26a5430e1e9cbcee0da81beb7b6e0df33a02f8","national:forecast_consumption_growth_annual_pct:Bank of Russia","forecast_consumption_growth_annual_pct","national","2025","2025","2023-02-20","2023-02-20","cbr-consumption-2023-02-20-updated-2023-02-20","A","https://cbr.ru/about_br/publ/ddkp/longread_1_41/","cbr.ru","2023-02-20","","","Bank of Russia","annual_real_volume_growth","official_forecast_range","interval_midpoint_not_official_central","f66cea5e80f57d59cdbce7ed5a08d9a086917bf398d5111bf280c684bc18425f","","","outputs/macro_data_audit_v1/raw/cbr/consumption_longread_1_41.html","363193","2026-10-06T18:56:11.845987+00:00","3d78ca3923b1c160c3945539ed5197880f00625d6a84ba607a875acd59163a8d"
"macro_3961a0e013c83f68ea4e67c36633ccb546b4df8e2f5738d14dcba0d5a7c014fe","national:forecast_inflation_dec_dec_pct:survey_participants","forecast_inflation_dec_dec_pct","national","2023","2023","2023-12-25","2023-12-25","cbr-comment-2023-12-25-updated-2023-12-25","A","https://www.cbr.ru/analytics/dkp/inflationary_expectations/Infl_exp_23-12/","www.cbr.ru","2023-12-25","","2023-12","survey_participants","december_to_december","not_reported","quoted_rounded_respondent_median","ff5fccf9bae14d68ba1f3e637aaafdac36d89d9ae6d5318b6cfecbc50ba42f50","","","outputs/macro_data_audit_v1/raw/cbr/inflation_2023_12.html","99392","2026-10-06T18:53:54.069543+00:00","3d78ca3923b1c160c3945539ed5197880f00625d6a84ba607a875acd59163a8d"
"macro_88fe91885433072be89890126a2a10fd345de18ea20e475741938368b4aff337","national:forecast_inflation_dec_dec_pct:survey_participants","forecast_inflation_dec_dec_pct","national","2024","2024","2023-12-25","2023-12-25","cbr-comment-2023-12-25-updated-2023-12-25","A","https://www.cbr.ru/analytics/dkp/inflationary_expectations/Infl_exp_23-12/","www.cbr.ru","2023-12-25","","2023-12","survey_participants","december_to_december","not_reported","quoted_rounded_respondent_median","ff5fccf9bae14d68ba1f3e637aaafdac36d89d9ae6d5318b6cfecbc50ba42f50","","","outputs/macro_data_audit_v1/raw/cbr/inflation_2023_12.html","99392","2026-10-06T18:53:54.069543+00:00","3d78ca3923b1c160c3945539ed5197880f00625d6a84ba607a875acd59163a8d"
"macro_f4c35b2cc7d751c2c06786060efa9e9dc92debb0caf9e6b6c58309c4014bb76a","national:forecast_inflation_dec_dec_pct:survey_participants","forecast_inflation_dec_dec_pct","national","2025","2025","2023-12-25","2023-12-25","cbr-comment-2023-12-25-updated-2023-12-25","A","https://www.cbr.ru/analytics/dkp/inflationary_expectations/Infl_exp_23-12/","www.cbr.ru","2023-12-25","","2023-12","survey_participants","december_to_december","not_reported","quoted_rounded_respondent_median","ff5fccf9bae14d68ba1f3e637aaafdac36d89d9ae6d5318b6cfecbc50ba42f50","","","outputs/macro_data_audit_v1/raw/cbr/inflation_2023_12.html","99392","2026-10-06T18:53:54.069543+00:00","3d78ca3923b1c160c3945539ed5197880f00625d6a84ba607a875acd59163a8d"
"macro_baa046523d9ae342faacebccf07cde76fcf4378165f12378926d266e2004745f","national:forecast_inflation_dec_dec_pct:survey_participants","forecast_inflation_dec_dec_pct","national","2024","2024","2024-10-28","2024-10-28","cbr-comment-2024-10-28-updated-2024-10-28","A","https://www.cbr.ru/analytics/dkp/inflationary_expectations/Infl_exp_24-10/","www.cbr.ru","2024-10-28","","2024-10","survey_participants","december_to_december","not_reported","quoted_rounded_respondent_median","8207d45b01fe59a893319f1faa4ba0b3f8f932d45987f2475e928c4f001b73ec","","","outputs/macro_data_audit_v1/raw/cbr/inflation_2024_10.html","100973","2026-10-06T18:55:28.118379+00:00","3d78ca3923b1c160c3945539ed5197880f00625d6a84ba607a875acd59163a8d"
"macro_6e8734d49ab080591814e5ce3e18529a20250be87cf95e9e373cd704dc938402","national:forecast_inflation_dec_dec_pct:survey_participants","forecast_inflation_dec_dec_pct","national","2025","2025","2024-10-28","2024-10-28","cbr-comment-2024-10-28-updated-2024-10-28","A","https://www.cbr.ru/analytics/dkp/inflationary_expectations/Infl_exp_24-10/","www.cbr.ru","2024-10-28","","2024-10","survey_participants","december_to_december","not_reported","quoted_rounded_respondent_median","8207d45b01fe59a893319f1faa4ba0b3f8f932d45987f2475e928c4f001b73ec","","","outputs/macro_data_audit_v1/raw/cbr/inflation_2024_10.html","100973","2026-10-06T18:55:28.118379+00:00","3d78ca3923b1c160c3945539ed5197880f00625d6a84ba607a875acd59163a8d"
"macro_b0844b22f1b9e47902d3d6d45d74b5925d583405cca34a6bc00914ac3777c4be","national:forecast_inflation_dec_dec_pct:survey_participants","forecast_inflation_dec_dec_pct","national","2024","2024","2024-09-25","2024-09-25","cbr-comment-2024-09-25-updated-2024-09-25","A","https://www.cbr.ru/analytics/dkp/inflationary_expectations/Infl_exp_24-09/","www.cbr.ru","2024-09-25","","2024-09","survey_participants","december_to_december","not_reported","quoted_rounded_respondent_median","ad89ebf66d815ab839c61c6a626319ce634ee50b56e1ea01895ab8a6f5860e12","","","outputs/macro_data_audit_v1/raw/cbr/inflation_2024_09.html","101562","2026-10-06T18:55:28.143958+00:00","3d78ca3923b1c160c3945539ed5197880f00625d6a84ba607a875acd59163a8d"
"macro_61ef89e300f9bffab4b65db64ee20f7761da44b9b8a46f05d6d86d74c353bfa5","national:forecast_inflation_dec_dec_pct:survey_participants","forecast_inflation_dec_dec_pct","national","2025","2025","2024-09-25","2024-09-25","cbr-comment-2024-09-25-updated-2024-09-25","A","https://www.cbr.ru/analytics/dkp/inflationary_expectations/Infl_exp_24-09/","www.cbr.ru","2024-09-25","","2024-09","survey_participants","december_to_december","not_reported","quoted_rounded_respondent_median","ad89ebf66d815ab839c61c6a626319ce634ee50b56e1ea01895ab8a6f5860e12","","","outputs/macro_data_audit_v1/raw/cbr/inflation_2024_09.html","101562","2026-10-06T18:55:28.143958+00:00","3d78ca3923b1c160c3945539ed5197880f00625d6a84ba607a875acd59163a8d"
"macro_8949a22c4911837ca3e43709bbadf1031516e569b182897596c5aa604e905d77","national:forecast_inflation_dec_dec_pct:survey_participants","forecast_inflation_dec_dec_pct","national","2026","2026","2024-09-25","2024-09-25","cbr-comment-2024-09-25-updated-2024-09-25","A","https://www.cbr.ru/analytics/dkp/inflationary_expectations/Infl_exp_24-09/","www.cbr.ru","2024-09-25","","2024-09","survey_participants","december_to_december","not_reported","quoted_rounded_respondent_median","ad89ebf66d815ab839c61c6a626319ce634ee50b56e1ea01895ab8a6f5860e12","","","outputs/macro_data_audit_v1/raw/cbr/inflation_2024_09.html","101562","2026-10-06T18:55:28.143958+00:00","3d78ca3923b1c160c3945539ed5197880f00625d6a84ba607a875acd59163a8d"
"macro_e474d34ffed0ba03ae2e0828d2fe91aa7361fcffa3ff3bb539987a5126336afc","national:forecast_inflation_dec_dec_pct:survey_participants","forecast_inflation_dec_dec_pct","national","2024","2024","2024-07-29","2024-07-29","cbr-comment-2024-07-29-updated-2024-07-29","A","https://www.cbr.ru/analytics/dkp/inflationary_expectations/Infl_exp_24-07/","www.cbr.ru","2024-07-29","","2024-07","survey_participants","december_to_december","not_reported","quoted_rounded_respondent_median","de78fd81e5a249906cb287ce99b635a4ffa16c4b406a2dabec154cf08215e297","","","outputs/macro_data_audit_v1/raw/cbr/inflation_2024_07.html","100964","2026-10-06T18:55:32.136311+00:00","3d78ca3923b1c160c3945539ed5197880f00625d6a84ba607a875acd59163a8d"
"macro_1cc8574960c1e9c9f3d4e30139c66482509349b49091a80d92aeee60412e7244","national:forecast_inflation_dec_dec_pct:survey_participants","forecast_inflation_dec_dec_pct","national","2025","2025","2024-07-29","2024-07-29","cbr-comment-2024-07-29-updated-2024-07-29","A","https://www.cbr.ru/analytics/dkp/inflationary_expectations/Infl_exp_24-07/","www.cbr.ru","2024-07-29","","2024-07","survey_participants","december_to_december","not_reported","quoted_rounded_respondent_median","de78fd81e5a249906cb287ce99b635a4ffa16c4b406a2dabec154cf08215e297","","","outputs/macro_data_audit_v1/raw/cbr/inflation_2024_07.html","100964","2026-10-06T18:55:32.136311+00:00","3d78ca3923b1c160c3945539ed5197880f00625d6a84ba607a875acd59163a8d"
"macro_ac60748150dbf091264e6873746945187b6f4de5cf7f85d427baafded372db85","national:forecast_inflation_dec_dec_pct:survey_participants","forecast_inflation_dec_dec_pct","national","2026","2026","2024-07-29","2024-07-29","cbr-comment-2024-07-29-updated-2024-07-29","A","https://www.cbr.ru/analytics/dkp/inflationary_expectations/Infl_exp_24-07/","www.cbr.ru","2024-07-29","","2024-07","survey_participants","december_to_december","not_reported","quoted_rounded_respondent_median","de78fd81e5a249906cb287ce99b635a4ffa16c4b406a2dabec154cf08215e297","","","outputs/macro_data_audit_v1/raw/cbr/inflation_2024_07.html","100964","2026-10-06T18:55:32.136311+00:00","3d78ca3923b1c160c3945539ed5197880f00625d6a84ba607a875acd59163a8d"
"macro_ee0fa0b9f8985dce961813a59a0a739c493ef9a7c2ad6351e57394bcda6a70a0","national:forecast_inflation_dec_dec_pct:survey_participants","forecast_inflation_dec_dec_pct","national","2024","2024","2024-06-25","2024-06-25","cbr-comment-2024-06-25-updated-2024-06-25","A","https://www.cbr.ru/analytics/dkp/inflationary_expectations/Infl_exp_24-06/","www.cbr.ru","2024-06-25","","2024-05","survey_participants","december_to_december","not_reported","quoted_rounded_respondent_median","9a61b22d602d536c4accdd6f925a0ae712bad17866357b046b2f5faf8204eba7","","","outputs/macro_data_audit_v1/raw/cbr/inflation_2024_06.html","100221","2026-10-06T18:55:32.197104+00:00","3d78ca3923b1c160c3945539ed5197880f00625d6a84ba607a875acd59163a8d"
"macro_12ad101ff1bf19299139b0e8f3dceb3a762d90cad77e4db290897ed2848e7a02","national:forecast_inflation_dec_dec_pct:survey_participants","forecast_inflation_dec_dec_pct","national","2025","2025","2024-06-25","2024-06-25","cbr-comment-2024-06-25-updated-2024-06-25","A","https://www.cbr.ru/analytics/dkp/inflationary_expectations/Infl_exp_24-06/","www.cbr.ru","2024-06-25","","2024-05","survey_participants","december_to_december","not_reported","quoted_rounded_respondent_median","9a61b22d602d536c4accdd6f925a0ae712bad17866357b046b2f5faf8204eba7","","","outputs/macro_data_audit_v1/raw/cbr/inflation_2024_06.html","100221","2026-10-06T18:55:32.197104+00:00","3d78ca3923b1c160c3945539ed5197880f00625d6a84ba607a875acd59163a8d"
"macro_430161eaa7d5418ad8525827cd60220bbf81d6c0144306dd25bb15e02b1f60f5","national:forecast_inflation_dec_dec_pct:survey_participants","forecast_inflation_dec_dec_pct","national","2026","2026","2024-06-25","2024-06-25","cbr-comment-2024-06-25-updated-2024-06-25","A","https://www.cbr.ru/analytics/dkp/inflationary_expectations/Infl_exp_24-06/","www.cbr.ru","2024-06-25","","2024-05","survey_participants","december_to_december","not_reported","quoted_rounded_respondent_median","9a61b22d602d536c4accdd6f925a0ae712bad17866357b046b2f5faf8204eba7","","","outputs/macro_data_audit_v1/raw/cbr/inflation_2024_06.html","100221","2026-10-06T18:55:32.197104+00:00","3d78ca3923b1c160c3945539ed5197880f00625d6a84ba607a875acd59163a8d"
"macro_c8fce088234ddd39bd29b3e90aeaaa0c93e83f00807d820f08a96c3c0d9e3c40","national:forecast_inflation_dec_dec_pct:survey_participants","forecast_inflation_dec_dec_pct","national","2024","2024","2024-04-27","2024-04-27","cbr-comment-2024-04-27-updated-2024-04-27","A","https://www.cbr.ru/analytics/dkp/inflationary_expectations/Infl_exp_24-04/","www.cbr.ru","2024-04-27","","2024-04","survey_participants","december_to_december","not_reported","quoted_rounded_respondent_median","527342879788fc55f9225b9c766f1bbcb6d2980e15176dac5359cf16cd92e0a7","","","outputs/macro_data_audit_v1/raw/cbr/inflation_2024_04.html","99563","2026-10-06T18:55:44.087256+00:00","3d78ca3923b1c160c3945539ed5197880f00625d6a84ba607a875acd59163a8d"
"macro_8dd1403921ebc88ca427d6c5adb5b8e175358924c3ac290a1fc4b3b46d55b324","national:forecast_inflation_dec_dec_pct:survey_participants","forecast_inflation_dec_dec_pct","national","2024","2024","2024-03-25","2024-03-25","cbr-comment-2024-03-25-updated-2024-03-25","A","https://www.cbr.ru/analytics/dkp/inflationary_expectations/Infl_exp_24-03/","www.cbr.ru","2024-03-25","","2024-03","survey_participants","december_to_december","not_reported","quoted_rounded_respondent_median","26c93467c16725f4235181025a5ed1fcff991d41c44d37fb05c934f49bc8cb39","","","outputs/macro_data_audit_v1/raw/cbr/inflation_2024_03.html","99573","2026-10-06T18:55:44.453540+00:00","3d78ca3923b1c160c3945539ed5197880f00625d6a84ba607a875acd59163a8d"
"macro_5e8c7a58335046f6c9e022f9487e21b18a6d91b9a7f340c1b88c9c84403a34b4","national:forecast_inflation_dec_dec_pct:survey_participants","forecast_inflation_dec_dec_pct","national","2024","2024","2024-02-21","2024-02-21","cbr-comment-2024-02-21-updated-2024-02-21","A","https://www.cbr.ru/analytics/dkp/inflationary_expectations/Infl_exp_24-02/","www.cbr.ru","2024-02-21","","2024-02","survey_participants","december_to_december","not_reported","quoted_rounded_respondent_median","95d00198e37ea1fcf43b975156355fe742b7de07f09e0e7b9db176473d81f553","","","outputs/macro_data_audit_v1/raw/cbr/inflation_2024_02.html","99589","2026-10-06T18:55:52.100901+00:00","3d78ca3923b1c160c3945539ed5197880f00625d6a84ba607a875acd59163a8d"
"macro_dc23eb2d8fe028308817b5f2415c0de2c3d0dac0ab1ad7d43bcc612d1ec936b6","national:forecast_inflation_dec_dec_pct:survey_participants","forecast_inflation_dec_dec_pct","national","2025","2025","2024-02-21","2024-02-21","cbr-comment-2024-02-21-updated-2024-02-21","A","https://www.cbr.ru/analytics/dkp/inflationary_expectations/Infl_exp_24-02/","www.cbr.ru","2024-02-21","","2024-02","survey_participants","december_to_december","not_reported","quoted_rounded_respondent_median","95d00198e37ea1fcf43b975156355fe742b7de07f09e0e7b9db176473d81f553","","","outputs/macro_data_audit_v1/raw/cbr/inflation_2024_02.html","99589","2026-10-06T18:55:52.100901+00:00","3d78ca3923b1c160c3945539ed5197880f00625d6a84ba607a875acd59163a8d"
"macro_f5ae778d0b2cd830e57d591f69ff2e134898d5e4e467d6aef1ffd3351797b1a5","national:forecast_inflation_dec_dec_pct:survey_participants","forecast_inflation_dec_dec_pct","national","2024","2024","2024-01-31","2024-01-31","cbr-comment-2024-01-31-updated-2024-01-31","A","https://www.cbr.ru/analytics/dkp/inflationary_expectations/Infl_exp_24-01/","www.cbr.ru","2024-01-31","","2023-12","survey_participants","december_to_december","not_reported","quoted_rounded_respondent_median","e1e7311eb67ad49da067d2e0a52d33dd2c41d5fee080ad252a2cf2f357ba8618","","","outputs/macro_data_audit_v1/raw/cbr/inflation_2024_01.html","99273","2026-10-06T18:55:52.061974+00:00","3d78ca3923b1c160c3945539ed5197880f00625d6a84ba607a875acd59163a8d"
"macro_fc1712d278c86f14c2c64625d512d36a430baa2dd392934d85df1337fad37a8c","national:forecast_inflation_dec_dec_pct:survey_participants","forecast_inflation_dec_dec_pct","national","2025","2025","2024-01-31","2024-01-31","cbr-comment-2024-01-31-updated-2024-01-31","A","https://www.cbr.ru/analytics/dkp/inflationary_expectations/Infl_exp_24-01/","www.cbr.ru","2024-01-31","","2023-12","survey_participants","december_to_december","not_reported","quoted_rounded_respondent_median","e1e7311eb67ad49da067d2e0a52d33dd2c41d5fee080ad252a2cf2f357ba8618","","","outputs/macro_data_audit_v1/raw/cbr/inflation_2024_01.html","99273","2026-10-06T18:55:52.061974+00:00","3d78ca3923b1c160c3945539ed5197880f00625d6a84ba607a875acd59163a8d"
"macro_85f9b4c43091026be36e3c6803ac16af750de4eaed342976883c8699d504613f","national:forecast_inflation_dec_dec_pct:survey_participants","forecast_inflation_dec_dec_pct","national","2023","2023","2023-11-23","2023-11-23","cbr-comment-2023-11-23-updated-2023-11-23","A","https://www.cbr.ru/analytics/dkp/inflationary_expectations/Infl_exp_23-11/","www.cbr.ru","2023-11-23","","2023-10","survey_participants","december_to_december","not_reported","quoted_rounded_respondent_median","a9b6908545b77ffdcc39a41d902a74725ee5809a4da2d4841cabb0f539306a57","","","outputs/macro_data_audit_v1/raw/cbr/inflation_2023_11.html","98987","2026-10-06T18:55:50.600944+00:00","3d78ca3923b1c160c3945539ed5197880f00625d6a84ba607a875acd59163a8d"
"macro_638059b30d1e7b349f41e2d7ddfa21a4ec82135de53099aef93a8bd1ee6e1eac","national:forecast_inflation_dec_dec_pct:survey_participants","forecast_inflation_dec_dec_pct","national","2024","2024","2023-11-23","2023-11-23","cbr-comment-2023-11-23-updated-2023-11-23","A","https://www.cbr.ru/analytics/dkp/inflationary_expectations/Infl_exp_23-11/","www.cbr.ru","2023-11-23","","2023-10","survey_participants","december_to_december","not_reported","quoted_rounded_respondent_median","a9b6908545b77ffdcc39a41d902a74725ee5809a4da2d4841cabb0f539306a57","","","outputs/macro_data_audit_v1/raw/cbr/inflation_2023_11.html","98987","2026-10-06T18:55:50.600944+00:00","3d78ca3923b1c160c3945539ed5197880f00625d6a84ba607a875acd59163a8d"
"macro_0d75b7f32074367097d33778d6441a4151693dce65ddb0d04d48e75051818b9d","national:forecast_inflation_dec_dec_pct:survey_participants","forecast_inflation_dec_dec_pct","national","2025","2025","2023-11-23","2023-11-23","cbr-comment-2023-11-23-updated-2023-11-23","A","https://www.cbr.ru/analytics/dkp/inflationary_expectations/Infl_exp_23-11/","www.cbr.ru","2023-11-23","","2023-10","survey_participants","december_to_december","not_reported","quoted_rounded_respondent_median","a9b6908545b77ffdcc39a41d902a74725ee5809a4da2d4841cabb0f539306a57","","","outputs/macro_data_audit_v1/raw/cbr/inflation_2023_11.html","98987","2026-10-06T18:55:50.600944+00:00","3d78ca3923b1c160c3945539ed5197880f00625d6a84ba607a875acd59163a8d"
"macro_1606880450b95ba7acc3f90929e87b9ab9a622574e6a2f08d8184f916b4f9ace","national:forecast_inflation_dec_dec_pct:survey_participants","forecast_inflation_dec_dec_pct","national","2023","2023","2023-10-30","2023-10-30","cbr-comment-2023-10-30-updated-2023-10-30","A","https://www.cbr.ru/analytics/dkp/inflationary_expectations/Infl_exp_23-10/","www.cbr.ru","2023-10-30","","2023-10","survey_participants","december_to_december","not_reported","quoted_rounded_respondent_median","10c380d8fbb351c14def364f996cef6071274bb5b034ab89cc129a42afb78eb2","","","outputs/macro_data_audit_v1/raw/cbr/inflation_2023_10.html","99336","2026-10-06T18:55:56.776303+00:00","3d78ca3923b1c160c3945539ed5197880f00625d6a84ba607a875acd59163a8d"
"macro_b2acbf82dc23b49f927366729f7bae6620b8d65da32d8c3e22df9b226e3dc2fb","national:forecast_inflation_dec_dec_pct:survey_participants","forecast_inflation_dec_dec_pct","national","2024","2024","2023-10-30","2023-10-30","cbr-comment-2023-10-30-updated-2023-10-30","A","https://www.cbr.ru/analytics/dkp/inflationary_expectations/Infl_exp_23-10/","www.cbr.ru","2023-10-30","","2023-10","survey_participants","december_to_december","not_reported","quoted_rounded_respondent_median","10c380d8fbb351c14def364f996cef6071274bb5b034ab89cc129a42afb78eb2","","","outputs/macro_data_audit_v1/raw/cbr/inflation_2023_10.html","99336","2026-10-06T18:55:56.776303+00:00","3d78ca3923b1c160c3945539ed5197880f00625d6a84ba607a875acd59163a8d"
"macro_f72b8adce4ed217cac671d8469793b90702ae75aad5a5878ded5b0a43b37a6d0","national:forecast_inflation_dec_dec_pct:survey_participants","forecast_inflation_dec_dec_pct","national","2025","2025","2023-10-30","2023-10-30","cbr-comment-2023-10-30-updated-2023-10-30","A","https://www.cbr.ru/analytics/dkp/inflationary_expectations/Infl_exp_23-10/","www.cbr.ru","2023-10-30","","2023-10","survey_participants","december_to_december","not_reported","quoted_rounded_respondent_median","10c380d8fbb351c14def364f996cef6071274bb5b034ab89cc129a42afb78eb2","","","outputs/macro_data_audit_v1/raw/cbr/inflation_2023_10.html","99336","2026-10-06T18:55:56.776303+00:00","3d78ca3923b1c160c3945539ed5197880f00625d6a84ba607a875acd59163a8d"
"macro_72e7ef27234e9ddf58693737e039720885506f9e38636807cc583297d07d4113","national:forecast_inflation_dec_dec_pct:survey_participants","forecast_inflation_dec_dec_pct","national","2023","2023","2023-09-26","2023-09-26","cbr-comment-2023-09-26-updated-2023-09-26","A","https://www.cbr.ru/analytics/dkp/inflationary_expectations/Infl_exp_23-09/","www.cbr.ru","2023-09-26","","2023-09","survey_participants","december_to_december","not_reported","quoted_rounded_respondent_median","29d60ce101bff97a0a3ecf337d16ce0c186515fdfd94a6a006c9cfed608b20a8","","","outputs/macro_data_audit_v1/raw/cbr/inflation_2023_09.html","99071","2026-10-06T18:55:56.665391+00:00","3d78ca3923b1c160c3945539ed5197880f00625d6a84ba607a875acd59163a8d"
"macro_15d140ed08ea2642d8500d663f76fbcd008881c579f042cd0af064ec4f0c8f9b","national:forecast_inflation_dec_dec_pct:survey_participants","forecast_inflation_dec_dec_pct","national","2024","2024","2023-09-26","2023-09-26","cbr-comment-2023-09-26-updated-2023-09-26","A","https://www.cbr.ru/analytics/dkp/inflationary_expectations/Infl_exp_23-09/","www.cbr.ru","2023-09-26","","2023-09","survey_participants","december_to_december","not_reported","quoted_rounded_respondent_median","29d60ce101bff97a0a3ecf337d16ce0c186515fdfd94a6a006c9cfed608b20a8","","","outputs/macro_data_audit_v1/raw/cbr/inflation_2023_09.html","99071","2026-10-06T18:55:56.665391+00:00","3d78ca3923b1c160c3945539ed5197880f00625d6a84ba607a875acd59163a8d"
"macro_2cecdd41e7e63f1a19ea796c11629abefa798c35e85f7f700f15578ee07bd1fc","national:forecast_inflation_dec_dec_pct:survey_participants","forecast_inflation_dec_dec_pct","national","2025","2025","2023-09-26","2023-09-26","cbr-comment-2023-09-26-updated-2023-09-26","A","https://www.cbr.ru/analytics/dkp/inflationary_expectations/Infl_exp_23-09/","www.cbr.ru","2023-09-26","","2023-09","survey_participants","december_to_december","not_reported","quoted_rounded_respondent_median","29d60ce101bff97a0a3ecf337d16ce0c186515fdfd94a6a006c9cfed608b20a8","","","outputs/macro_data_audit_v1/raw/cbr/inflation_2023_09.html","99071","2026-10-06T18:55:56.665391+00:00","3d78ca3923b1c160c3945539ed5197880f00625d6a84ba607a875acd59163a8d"
"macro_c50c6521b9d912402650bfb42ec6bdf6f9b3a2ede8db4cb6468f7db0cbcceaf0","national:forecast_inflation_dec_dec_pct:survey_participants","forecast_inflation_dec_dec_pct","national","2023","2023","2023-08-23","2023-08-23","cbr-comment-2023-08-23-updated-2023-08-23","A","https://www.cbr.ru/analytics/dkp/inflationary_expectations/Infl_exp_23-08/","www.cbr.ru","2023-08-23","","2023-07","survey_participants","december_to_december","not_reported","quoted_rounded_respondent_median","697b382d5ed201526d2f4e26f265f50ac1bb6432d7977f20724547008124cad9","","","outputs/macro_data_audit_v1/raw/cbr/inflation_2023_08.html","98899","2026-10-06T18:55:56.776303+00:00","3d78ca3923b1c160c3945539ed5197880f00625d6a84ba607a875acd59163a8d"
"macro_ca827392d80be0a2f41b258ceba2f3d93bccf8207868a6147cd715a6ac645a6a","national:forecast_inflation_dec_dec_pct:survey_participants","forecast_inflation_dec_dec_pct","national","2024","2024","2023-08-23","2023-08-23","cbr-comment-2023-08-23-updated-2023-08-23","A","https://www.cbr.ru/analytics/dkp/inflationary_expectations/Infl_exp_23-08/","www.cbr.ru","2023-08-23","","2023-07","survey_participants","december_to_december","not_reported","quoted_rounded_respondent_median","697b382d5ed201526d2f4e26f265f50ac1bb6432d7977f20724547008124cad9","","","outputs/macro_data_audit_v1/raw/cbr/inflation_2023_08.html","98899","2026-10-06T18:55:56.776303+00:00","3d78ca3923b1c160c3945539ed5197880f00625d6a84ba607a875acd59163a8d"
"macro_f882f08ccfbb12c630cc64751de17010539c13bd8de578d9f1e80f2769b489a6","national:forecast_inflation_dec_dec_pct:survey_participants","forecast_inflation_dec_dec_pct","national","2025","2025","2023-08-23","2023-08-23","cbr-comment-2023-08-23-updated-2023-08-23","A","https://www.cbr.ru/analytics/dkp/inflationary_expectations/Infl_exp_23-08/","www.cbr.ru","2023-08-23","","2023-07","survey_participants","december_to_december","not_reported","quoted_rounded_respondent_median","697b382d5ed201526d2f4e26f265f50ac1bb6432d7977f20724547008124cad9","","","outputs/macro_data_audit_v1/raw/cbr/inflation_2023_08.html","98899","2026-10-06T18:55:56.776303+00:00","3d78ca3923b1c160c3945539ed5197880f00625d6a84ba607a875acd59163a8d"
"macro_742a879ec8befabb6ec7a2dc76eefdc5bff087da09da7195863125444008d349","national:forecast_inflation_dec_dec_pct:survey_participants","forecast_inflation_dec_dec_pct","national","2023","2023","2023-07-25","2023-07-25","cbr-comment-2023-07-25-updated-2023-07-25","A","https://www.cbr.ru/analytics/dkp/inflationary_expectations/Infl_exp_23-07/","www.cbr.ru","2023-07-25","","2023-07","survey_participants","december_to_december","not_reported","quoted_rounded_respondent_median","c9b63c2f1c134ffe68e91c057caa166a9bcad9a0cd68107ff1e177d79e858837","","","outputs/macro_data_audit_v1/raw/cbr/inflation_2023_07.html","99082","2026-10-06T18:55:58.199916+00:00","3d78ca3923b1c160c3945539ed5197880f00625d6a84ba607a875acd59163a8d"
"macro_078cf9d3c02e2e0b2fec265a83ddd7febe13f769739e3ff65bd7f461151eef64","national:forecast_inflation_dec_dec_pct:survey_participants","forecast_inflation_dec_dec_pct","national","2024","2024","2023-07-25","2023-07-25","cbr-comment-2023-07-25-updated-2023-07-25","A","https://www.cbr.ru/analytics/dkp/inflationary_expectations/Infl_exp_23-07/","www.cbr.ru","2023-07-25","","2023-07","survey_participants","december_to_december","not_reported","quoted_rounded_respondent_median","c9b63c2f1c134ffe68e91c057caa166a9bcad9a0cd68107ff1e177d79e858837","","","outputs/macro_data_audit_v1/raw/cbr/inflation_2023_07.html","99082","2026-10-06T18:55:58.199916+00:00","3d78ca3923b1c160c3945539ed5197880f00625d6a84ba607a875acd59163a8d"
"macro_e2626c25a30f7171eed0fd811b565aea8912faae7978dd7ec70ab9bac90643c0","national:forecast_inflation_dec_dec_pct:survey_participants","forecast_inflation_dec_dec_pct","national","2025","2025","2023-07-25","2023-07-25","cbr-comment-2023-07-25-updated-2023-07-25","A","https://www.cbr.ru/analytics/dkp/inflationary_expectations/Infl_exp_23-07/","www.cbr.ru","2023-07-25","","2023-07","survey_participants","december_to_december","not_reported","quoted_rounded_respondent_median","c9b63c2f1c134ffe68e91c057caa166a9bcad9a0cd68107ff1e177d79e858837","","","outputs/macro_data_audit_v1/raw/cbr/inflation_2023_07.html","99082","2026-10-06T18:55:58.199916+00:00","3d78ca3923b1c160c3945539ed5197880f00625d6a84ba607a875acd59163a8d"
"macro_c44362174c5f09242d49d1222bd529b9f64ca0e2f8a15adb18de97772e394bd4","national:forecast_inflation_dec_dec_pct:survey_participants","forecast_inflation_dec_dec_pct","national","2023","2023","2023-06-26","2023-06-26","cbr-comment-2023-06-26-updated-2023-06-26","A","https://www.cbr.ru/analytics/dkp/inflationary_expectations/Infl_exp_23-06/","www.cbr.ru","2023-06-26","","2023-06","survey_participants","december_to_december","not_reported","quoted_rounded_respondent_median","267116d37a8fdd6f8cd5fab7a6295a679c4242ab53a1b36119ef3faea14f9017","","","outputs/macro_data_audit_v1/raw/cbr/inflation_2023_06.html","99631","2026-10-06T18:55:58.708159+00:00","3d78ca3923b1c160c3945539ed5197880f00625d6a84ba607a875acd59163a8d"
"macro_68258f9d16468e4ffb56dc05f1e5d6f5ad3ac26eccacb999d73b8bb797e8534d","national:forecast_inflation_dec_dec_pct:survey_participants","forecast_inflation_dec_dec_pct","national","2024","2024","2023-06-26","2023-06-26","cbr-comment-2023-06-26-updated-2023-06-26","A","https://www.cbr.ru/analytics/dkp/inflationary_expectations/Infl_exp_23-06/","www.cbr.ru","2023-06-26","","2023-06","survey_participants","december_to_december","not_reported","quoted_rounded_respondent_median","267116d37a8fdd6f8cd5fab7a6295a679c4242ab53a1b36119ef3faea14f9017","","","outputs/macro_data_audit_v1/raw/cbr/inflation_2023_06.html","99631","2026-10-06T18:55:58.708159+00:00","3d78ca3923b1c160c3945539ed5197880f00625d6a84ba607a875acd59163a8d"
"macro_ac609d77909250718d3376eeb683608f36fc7d29503e06b0bc44d8e324ba4fa6","national:forecast_inflation_dec_dec_pct:survey_participants","forecast_inflation_dec_dec_pct","national","2025","2025","2023-06-26","2023-06-26","cbr-comment-2023-06-26-updated-2023-06-26","A","https://www.cbr.ru/analytics/dkp/inflationary_expectations/Infl_exp_23-06/","www.cbr.ru","2023-06-26","","2023-06","survey_participants","december_to_december","not_reported","quoted_rounded_respondent_median","267116d37a8fdd6f8cd5fab7a6295a679c4242ab53a1b36119ef3faea14f9017","","","outputs/macro_data_audit_v1/raw/cbr/inflation_2023_06.html","99631","2026-10-06T18:55:58.708159+00:00","3d78ca3923b1c160c3945539ed5197880f00625d6a84ba607a875acd59163a8d"
"macro_d9ce67d9a22764c47d3d175dca89a771669e732a706e40df89261371405f765e","national:forecast_inflation_dec_dec_pct:survey_participants","forecast_inflation_dec_dec_pct","national","2023","2023","2023-05-24","2023-05-24","cbr-comment-2023-05-24-updated-2023-05-24","A","https://www.cbr.ru/analytics/dkp/inflationary_expectations/Infl_exp_23-05/","www.cbr.ru","2023-05-24","","2023-04","survey_participants","december_to_december","not_reported","quoted_rounded_respondent_median","6e2193a79c8251ed3667e33c26aa500cac7760127c1801cd75a481c3e31089d5","","","outputs/macro_data_audit_v1/raw/cbr/inflation_2023_05.html","99614","2026-10-06T18:55:58.503870+00:00","3d78ca3923b1c160c3945539ed5197880f00625d6a84ba607a875acd59163a8d"
"macro_819cdd1adb3929e6a08d31d03d2a54eb4f620bcb2fc54cc2fcb2970a03105b2c","national:forecast_inflation_dec_dec_pct:survey_participants","forecast_inflation_dec_dec_pct","national","2023","2023","2023-04-20","2023-04-20","cbr-comment-2023-04-20-updated-2023-04-20","A","https://www.cbr.ru/analytics/dkp/inflationary_expectations/Infl_exp_23-04/","www.cbr.ru","2023-04-20","","2023-04","survey_participants","december_to_december","not_reported","quoted_rounded_respondent_median","30dc5424c360c8a5900653e5ade9b56d38f9fd878a510611ac322f9f76eb19f6","","","outputs/macro_data_audit_v1/raw/cbr/inflation_2023_04.html","99597","2026-10-06T18:56:03.945200+00:00","3d78ca3923b1c160c3945539ed5197880f00625d6a84ba607a875acd59163a8d"
"macro_fbf40a417cbca5851c7fa4dd0a0a98f583e4c4f03c4626d0ad3fb3ed902bab11","national:forecast_inflation_dec_dec_pct:survey_participants","forecast_inflation_dec_dec_pct","national","2023","2023","2023-03-22","2023-03-22","cbr-comment-2023-03-22-updated-2023-03-22","A","https://www.cbr.ru/analytics/dkp/inflationary_expectations/Infl_exp_23-03/","www.cbr.ru","2023-03-22","","2023-03","survey_participants","december_to_december","not_reported","quoted_rounded_respondent_median","6622a558b9934e7ef89867bd22730ff34688fa9a61ea27e8252bb6906886ec97","","","outputs/macro_data_audit_v1/raw/cbr/inflation_2023_03.html","99301","2026-10-06T18:56:03.999420+00:00","3d78ca3923b1c160c3945539ed5197880f00625d6a84ba607a875acd59163a8d"
"macro_1917a8a42725214ed24092fedf624ecb9fe72247ceaa48d8f7d7973bbe92f66e","national:forecast_inflation_dec_dec_pct:survey_participants","forecast_inflation_dec_dec_pct","national","2023","2023","2023-02-27","2023-02-27","cbr-comment-2023-02-27-updated-2023-02-27","A","https://www.cbr.ru/analytics/dkp/inflationary_expectations/Infl_exp_23-02/","www.cbr.ru","2023-02-27","","2023-02","survey_participants","december_to_december","not_reported","quoted_rounded_respondent_median","19882d01718d4bbec63d016a07a8f954e834a10f8cdb552aa2e4fe8073c26a35","","","outputs/macro_data_audit_v1/raw/cbr/inflation_2023_02.html","99248","2026-10-06T18:56:04.292001+00:00","3d78ca3923b1c160c3945539ed5197880f00625d6a84ba607a875acd59163a8d"
"macro_5922511f5c1df58659fa7d7d6b4371694b31593fc3af2389d5105c15c9b1930c","national:forecast_inflation_dec_dec_pct:survey_participants","forecast_inflation_dec_dec_pct","national","2023","2023","2023-01-31","2023-01-31","cbr-comment-2023-01-31-updated-2023-01-31","A","https://www.cbr.ru/analytics/dkp/inflationary_expectations/Infl_exp_23-01/","www.cbr.ru","2023-01-31","","2022-12","survey_participants","december_to_december","not_reported","quoted_rounded_respondent_median","843b9265bd8505172f60b387e08682749b240d3971f93aef834822c534c91ae0","","","outputs/macro_data_audit_v1/raw/cbr/inflation_2023_01.html","98796","2026-10-06T18:56:10.006768+00:00","3d78ca3923b1c160c3945539ed5197880f00625d6a84ba607a875acd59163a8d"
"macro_c822ea470f37d049c47838057409e90129bcb33995b09f965545cc7b5e373fc8","national:forecast_inflation_dec_dec_pct:survey_participants","forecast_inflation_dec_dec_pct","national","2022","2022","2022-12-21","2022-12-21","cbr-comment-2022-12-21-updated-2022-12-21","A","https://www.cbr.ru/analytics/dkp/inflationary_expectations/Infl_exp_22-12/","www.cbr.ru","2022-12-21","","2022-12","survey_participants","december_to_december","not_reported","quoted_rounded_respondent_median","122b490b067e864a1182d9aacd5e8fca395224eb6d2231bac6461e6db28c4b46","","","outputs/macro_data_audit_v1/raw/cbr/inflation_2022_12.html","98326","2026-10-06T18:56:09.995213+00:00","3d78ca3923b1c160c3945539ed5197880f00625d6a84ba607a875acd59163a8d"
"macro_464e27dd094d9ad7a2e582089257ad8a10423f5c3630280aba3dc6af1c85d56d","national:forecast_inflation_dec_dec_pct:survey_participants","forecast_inflation_dec_dec_pct","national","2023","2023","2022-12-21","2022-12-21","cbr-comment-2022-12-21-updated-2022-12-21","A","https://www.cbr.ru/analytics/dkp/inflationary_expectations/Infl_exp_22-12/","www.cbr.ru","2022-12-21","","2022-12","survey_participants","december_to_december","not_reported","quoted_rounded_respondent_median","122b490b067e864a1182d9aacd5e8fca395224eb6d2231bac6461e6db28c4b46","","","outputs/macro_data_audit_v1/raw/cbr/inflation_2022_12.html","98326","2026-10-06T18:56:09.995213+00:00","3d78ca3923b1c160c3945539ed5197880f00625d6a84ba607a875acd59163a8d"
"macro_48c7c0144ca3c2892bc05e1438835e762e7ecbeb248e865132b5c684aac5356f","national:forecast_consumption_growth_annual_pct:Bank of Russia","forecast_consumption_growth_annual_pct","national","2024","2024","2024-02-16","2024-02-16","cbr-consumption-pdf-2024-02-16","A","https://cbr.ru/Collection/Collection/File/48891/forecast_240216.pdf","cbr.ru","2024-02-16","","","Bank of Russia","annual_real_volume_growth","official_forecast_range","interval_midpoint_not_official_central","50d0f893db726f5232f6b46760102bc37fbce397f76071fbe02c9ced0c3fa739","50d0f893db726f5232f6b46760102bc37fbce397f76071fbe02c9ced0c3fa739","2fc6a7b85ecbdd2f6d7816827087bf20fb86b89effc83ea0e529d3b9edb1675c","outputs/macro_data_audit_v1/raw/cbr/consumption_2024_02.pdf","601717","2026-10-06T19:07:36.614828+00:00","3d78ca3923b1c160c3945539ed5197880f00625d6a84ba607a875acd59163a8d"
"macro_3140ecc8534f54ccc199306cef56413fa2c839b4d91d1662746ea03453968fd8","national:forecast_consumption_growth_annual_pct:Bank of Russia","forecast_consumption_growth_annual_pct","national","2025","2025","2024-02-16","2024-02-16","cbr-consumption-pdf-2024-02-16","A","https://cbr.ru/Collection/Collection/File/48891/forecast_240216.pdf","cbr.ru","2024-02-16","","","Bank of Russia","annual_real_volume_growth","official_forecast_range","interval_midpoint_not_official_central","50d0f893db726f5232f6b46760102bc37fbce397f76071fbe02c9ced0c3fa739","50d0f893db726f5232f6b46760102bc37fbce397f76071fbe02c9ced0c3fa739","2fc6a7b85ecbdd2f6d7816827087bf20fb86b89effc83ea0e529d3b9edb1675c","outputs/macro_data_audit_v1/raw/cbr/consumption_2024_02.pdf","601717","2026-10-06T19:07:36.614828+00:00","3d78ca3923b1c160c3945539ed5197880f00625d6a84ba607a875acd59163a8d"
"macro_f8dbde34cb8a66c606a50b9b575bfb022c6b31b0dbeb084d2dc34f6919955af4","national:forecast_consumption_growth_annual_pct:Bank of Russia","forecast_consumption_growth_annual_pct","national","2026","2026","2024-02-16","2024-02-16","cbr-consumption-pdf-2024-02-16","A","https://cbr.ru/Collection/Collection/File/48891/forecast_240216.pdf","cbr.ru","2024-02-16","","","Bank of Russia","annual_real_volume_growth","official_forecast_range","interval_midpoint_not_official_central","50d0f893db726f5232f6b46760102bc37fbce397f76071fbe02c9ced0c3fa739","50d0f893db726f5232f6b46760102bc37fbce397f76071fbe02c9ced0c3fa739","2fc6a7b85ecbdd2f6d7816827087bf20fb86b89effc83ea0e529d3b9edb1675c","outputs/macro_data_audit_v1/raw/cbr/consumption_2024_02.pdf","601717","2026-10-06T19:07:36.614828+00:00","3d78ca3923b1c160c3945539ed5197880f00625d6a84ba607a875acd59163a8d"
"macro_5db35a123debce399e5c5e5bdff5d9f7a0cd93cd937f7f06bce00d45416d4c4e","national:forecast_consumption_growth_annual_pct:Bank of Russia","forecast_consumption_growth_annual_pct","national","2024","2024","2024-04-26","2024-04-26","cbr-consumption-pdf-2024-04-26","A","https://www.cbr.ru/Content/Document/File/160781/forecast_240426.pdf","www.cbr.ru","2024-04-26","","","Bank of Russia","annual_real_volume_growth","official_forecast_range","interval_midpoint_not_official_central","adad86f4d6643a63b502ffbfa963ed3ae40bf1bee4a7667909b389e6c708229c","adad86f4d6643a63b502ffbfa963ed3ae40bf1bee4a7667909b389e6c708229c","3938d512a24cf713635999929c07d42be73f41325e2c0bbb76f6f8e1a69484fa","outputs/macro_data_audit_v1/raw/cbr/consumption_2024_04.pdf","599451","2026-10-06T19:07:47.250535+00:00","3d78ca3923b1c160c3945539ed5197880f00625d6a84ba607a875acd59163a8d"
"macro_0dbe6383502db8eee54a0fa81d920e3c39ce375b6c7a170a5a7d7697a48ad600","national:forecast_consumption_growth_annual_pct:Bank of Russia","forecast_consumption_growth_annual_pct","national","2025","2025","2024-04-26","2024-04-26","cbr-consumption-pdf-2024-04-26","A","https://www.cbr.ru/Content/Document/File/160781/forecast_240426.pdf","www.cbr.ru","2024-04-26","","","Bank of Russia","annual_real_volume_growth","official_forecast_range","interval_midpoint_not_official_central","adad86f4d6643a63b502ffbfa963ed3ae40bf1bee4a7667909b389e6c708229c","adad86f4d6643a63b502ffbfa963ed3ae40bf1bee4a7667909b389e6c708229c","3938d512a24cf713635999929c07d42be73f41325e2c0bbb76f6f8e1a69484fa","outputs/macro_data_audit_v1/raw/cbr/consumption_2024_04.pdf","599451","2026-10-06T19:07:47.250535+00:00","3d78ca3923b1c160c3945539ed5197880f00625d6a84ba607a875acd59163a8d"
"macro_6b406e42a618ed5b00a738badb779bcf7943e950ac22704b3ae201eb1c9e4e75","national:forecast_consumption_growth_annual_pct:Bank of Russia","forecast_consumption_growth_annual_pct","national","2026","2026","2024-04-26","2024-04-26","cbr-consumption-pdf-2024-04-26","A","https://www.cbr.ru/Content/Document/File/160781/forecast_240426.pdf","www.cbr.ru","2024-04-26","","","Bank of Russia","annual_real_volume_growth","official_forecast_range","interval_midpoint_not_official_central","adad86f4d6643a63b502ffbfa963ed3ae40bf1bee4a7667909b389e6c708229c","adad86f4d6643a63b502ffbfa963ed3ae40bf1bee4a7667909b389e6c708229c","3938d512a24cf713635999929c07d42be73f41325e2c0bbb76f6f8e1a69484fa","outputs/macro_data_audit_v1/raw/cbr/consumption_2024_04.pdf","599451","2026-10-06T19:07:47.250535+00:00","3d78ca3923b1c160c3945539ed5197880f00625d6a84ba607a875acd59163a8d"
"macro_580ce8ad1c4988d0a48534e874fe4ec66d2075cb1604c9149dcc78455be9a446","national:forecast_consumption_growth_annual_pct:Bank of Russia","forecast_consumption_growth_annual_pct","national","2024","2024","2024-07-26","2024-07-26","cbr-consumption-pdf-2024-07-26","A","https://cbr.ru/Content/Document/File/162284/forecast_240726.pdf","cbr.ru","2024-07-26","","","Bank of Russia","annual_real_volume_growth","official_forecast_range","interval_midpoint_not_official_central","b34927d2ce2db6755cb8d3f666aeecea0fa6e339ac7c0c3d4a22d20cab01d4d9","b34927d2ce2db6755cb8d3f666aeecea0fa6e339ac7c0c3d4a22d20cab01d4d9","effa7f6608f0a641179184bc5d43d9a9bcc187bf0b50bbd3e0b74b2d7f443299","outputs/macro_data_audit_v1/raw/cbr/consumption_2024_07.pdf","603535","2026-10-06T19:07:53.672727+00:00","3d78ca3923b1c160c3945539ed5197880f00625d6a84ba607a875acd59163a8d"
"macro_1cc2807f81bf498e3a958086c8ce3b17dffdd5b398fded93b56646c471caa359","national:forecast_consumption_growth_annual_pct:Bank of Russia","forecast_consumption_growth_annual_pct","national","2025","2025","2024-07-26","2024-07-26","cbr-consumption-pdf-2024-07-26","A","https://cbr.ru/Content/Document/File/162284/forecast_240726.pdf","cbr.ru","2024-07-26","","","Bank of Russia","annual_real_volume_growth","official_forecast_range","interval_midpoint_not_official_central","b34927d2ce2db6755cb8d3f666aeecea0fa6e339ac7c0c3d4a22d20cab01d4d9","b34927d2ce2db6755cb8d3f666aeecea0fa6e339ac7c0c3d4a22d20cab01d4d9","effa7f6608f0a641179184bc5d43d9a9bcc187bf0b50bbd3e0b74b2d7f443299","outputs/macro_data_audit_v1/raw/cbr/consumption_2024_07.pdf","603535","2026-10-06T19:07:53.672727+00:00","3d78ca3923b1c160c3945539ed5197880f00625d6a84ba607a875acd59163a8d"
"macro_8aefbb29050210a188f037e50fbaf13b37a6eda01a895a36180008322a498a13","national:forecast_consumption_growth_annual_pct:Bank of Russia","forecast_consumption_growth_annual_pct","national","2026","2026","2024-07-26","2024-07-26","cbr-consumption-pdf-2024-07-26","A","https://cbr.ru/Content/Document/File/162284/forecast_240726.pdf","cbr.ru","2024-07-26","","","Bank of Russia","annual_real_volume_growth","official_forecast_range","interval_midpoint_not_official_central","b34927d2ce2db6755cb8d3f666aeecea0fa6e339ac7c0c3d4a22d20cab01d4d9","b34927d2ce2db6755cb8d3f666aeecea0fa6e339ac7c0c3d4a22d20cab01d4d9","effa7f6608f0a641179184bc5d43d9a9bcc187bf0b50bbd3e0b74b2d7f443299","outputs/macro_data_audit_v1/raw/cbr/consumption_2024_07.pdf","603535","2026-10-06T19:07:53.672727+00:00","3d78ca3923b1c160c3945539ed5197880f00625d6a84ba607a875acd59163a8d"
"macro_dca7af3599d4aa8d2f97de3f8220c1cdadd8cdadedafc7cee0039f0c0286c114","national:forecast_consumption_growth_annual_pct:Bank of Russia","forecast_consumption_growth_annual_pct","national","2027","2027","2024-07-26","2024-07-26","cbr-consumption-pdf-2024-07-26","A","https://cbr.ru/Content/Document/File/162284/forecast_240726.pdf","cbr.ru","2024-07-26","","","Bank of Russia","annual_real_volume_growth","official_forecast_range","interval_midpoint_not_official_central","b34927d2ce2db6755cb8d3f666aeecea0fa6e339ac7c0c3d4a22d20cab01d4d9","b34927d2ce2db6755cb8d3f666aeecea0fa6e339ac7c0c3d4a22d20cab01d4d9","effa7f6608f0a641179184bc5d43d9a9bcc187bf0b50bbd3e0b74b2d7f443299","outputs/macro_data_audit_v1/raw/cbr/consumption_2024_07.pdf","603535","2026-10-06T19:07:53.672727+00:00","3d78ca3923b1c160c3945539ed5197880f00625d6a84ba607a875acd59163a8d"
"macro_294cb1237f41e57ec8dc796028c85efa8711163140b551ffcb99e9bf03652f7d","national:forecast_consumption_growth_annual_pct:Bank of Russia","forecast_consumption_growth_annual_pct","national","2024","2024","2024-10-25","2024-10-25","cbr-consumption-pdf-2024-10-25","A","https://cbr.ru/Content/Document/File/166586/forecast_241025.pdf","cbr.ru","2024-10-25","","","Bank of Russia","annual_real_volume_growth","official_forecast_range","interval_midpoint_not_official_central","01fd0b8b53205cee39a7a36bda1affe5c8172b89b05b7d2d9e0353d0dbebd8cd","01fd0b8b53205cee39a7a36bda1affe5c8172b89b05b7d2d9e0353d0dbebd8cd","0f84521a288d222ca42c1e22d889b94c1cc7705464351e71eddcab32620645f5","outputs/macro_data_audit_v1/raw/cbr/consumption_2024_10.pdf","604151","2026-10-06T19:08:00.880671+00:00","3d78ca3923b1c160c3945539ed5197880f00625d6a84ba607a875acd59163a8d"
"macro_177eb008a621335cabe1a7727a9118f1b0defa5da40e3bda661cf54c9740bd1f","national:forecast_consumption_growth_annual_pct:Bank of Russia","forecast_consumption_growth_annual_pct","national","2025","2025","2024-10-25","2024-10-25","cbr-consumption-pdf-2024-10-25","A","https://cbr.ru/Content/Document/File/166586/forecast_241025.pdf","cbr.ru","2024-10-25","","","Bank of Russia","annual_real_volume_growth","official_forecast_range","interval_midpoint_not_official_central","01fd0b8b53205cee39a7a36bda1affe5c8172b89b05b7d2d9e0353d0dbebd8cd","01fd0b8b53205cee39a7a36bda1affe5c8172b89b05b7d2d9e0353d0dbebd8cd","0f84521a288d222ca42c1e22d889b94c1cc7705464351e71eddcab32620645f5","outputs/macro_data_audit_v1/raw/cbr/consumption_2024_10.pdf","604151","2026-10-06T19:08:00.880671+00:00","3d78ca3923b1c160c3945539ed5197880f00625d6a84ba607a875acd59163a8d"
"macro_02d85411ecc332bf08863fcb0ee90b3329ad5e1602700a76fd8db50bb850b9a1","national:forecast_consumption_growth_annual_pct:Bank of Russia","forecast_consumption_growth_annual_pct","national","2026","2026","2024-10-25","2024-10-25","cbr-consumption-pdf-2024-10-25","A","https://cbr.ru/Content/Document/File/166586/forecast_241025.pdf","cbr.ru","2024-10-25","","","Bank of Russia","annual_real_volume_growth","official_forecast_range","interval_midpoint_not_official_central","01fd0b8b53205cee39a7a36bda1affe5c8172b89b05b7d2d9e0353d0dbebd8cd","01fd0b8b53205cee39a7a36bda1affe5c8172b89b05b7d2d9e0353d0dbebd8cd","0f84521a288d222ca42c1e22d889b94c1cc7705464351e71eddcab32620645f5","outputs/macro_data_audit_v1/raw/cbr/consumption_2024_10.pdf","604151","2026-10-06T19:08:00.880671+00:00","3d78ca3923b1c160c3945539ed5197880f00625d6a84ba607a875acd59163a8d"
"macro_78aec502abcae7ba2a1aa1739ef3e3e6cd4812984bf9b815b3bf5174ff2eaf91","national:forecast_consumption_growth_annual_pct:Bank of Russia","forecast_consumption_growth_annual_pct","national","2027","2027","2024-10-25","2024-10-25","cbr-consumption-pdf-2024-10-25","A","https://cbr.ru/Content/Document/File/166586/forecast_241025.pdf","cbr.ru","2024-10-25","","","Bank of Russia","annual_real_volume_growth","official_forecast_range","interval_midpoint_not_official_central","01fd0b8b53205cee39a7a36bda1affe5c8172b89b05b7d2d9e0353d0dbebd8cd","01fd0b8b53205cee39a7a36bda1affe5c8172b89b05b7d2d9e0353d0dbebd8cd","0f84521a288d222ca42c1e22d889b94c1cc7705464351e71eddcab32620645f5","outputs/macro_data_audit_v1/raw/cbr/consumption_2024_10.pdf","604151","2026-10-06T19:08:00.880671+00:00","3d78ca3923b1c160c3945539ed5197880f00625d6a84ba607a875acd59163a8d"
