"document_id","snapshot_id","source","source_url","source_domain","canonical_event_id","published_at","event_date","updated_at","available_at","retrieved_at","publication_date_precision","updated_date_precision","availability_status","historical_version_status","availability_mode","source_file_sha256","retrieval_source_url","content_hash","title_hash","topic","event_type","direction","is_canonical"
"37d7c2115932379b17bd208b6b3d230fca1468fda7899575c8a15da2c1e93bb9","602a816509ec09017bc31a1a7ac6461d9100cbd3b99bf6b6f64ad67ba2a35b6a","cbr","https://www.cbr.ru/press/pr/?file=10022023_133000Key.htm","www.cbr.ru","cbr_key_rate_decision_2023_02_10","2023-02-10 10:30:00+00:00","2023-02-09 21:00:00+00:00","","2023-02-10 10:30:00+00:00","2026-10-07 01:02:50.026702+00:00","timestamp","","confirmed_historical","official_dated_original_decision_core_archive_trust","official_decision_core_archive_trust_no_independent_historical_sha","9c4a1698789fecd4c0ea6a1e94e9a1a0fe291a8c991e372bc389b74dd2ca3f35","https://www.cbr.ru/press/pr/?file=10022023_133000Key.htm","a33cea79228911f45a0bfe735ca58c68fd43e7cc03f219273b46a460dd7225ad","6496beb56d3165013814486e7e225838c8a3cfb4b177ee0061d1e52a1573105c","macro_policy","policy_decision","unknown","True"
"8288c08b15979ea5aebfb25ba9077348fc0664d61f3e99e46d6e515031448c51","c0beecc77771cb90f40c42e963ca92e9289ae75952ad59a5683932c618fc0b34","cbr","https://www.cbr.ru/press/pr/?file=17032023_133000Key.htm","www.cbr.ru","cbr_key_rate_decision_2023_03_17","2023-03-17 10:30:00+00:00","2023-03-16 21:00:00+00:00","","2023-03-17 10:30:00+00:00","2026-10-07 01:21:04.066685+00:00","timestamp","","confirmed_historical","official_dated_original_decision_core_archive_trust","official_decision_core_archive_trust_no_independent_historical_sha","38762f0ef34496fc9ede2f67124d578794acc71a110a994ec332b40b821e4c0a","https://www.cbr.ru/press/pr/?file=17032023_133000Key.htm","fce173ebfd2c033becdc5c69e45e0e65461d76b4aa690be4b7e524596a58432b","6496beb56d3165013814486e7e225838c8a3cfb4b177ee0061d1e52a1573105c","macro_policy","policy_decision","unknown","True"
"d34e321162422ed0a9e758e10239f331fb3a847c515be89a1d9a88c4165289b4","dc18f9445733c31e434d1dd6364d0200e9d9a3c823fbd10421fd77deaf270ab5","cbr","https://www.cbr.ru/press/pr/?file=28042023_133000Key.htm","www.cbr.ru","cbr_key_rate_decision_2023_04_28","2023-04-28 10:30:00+00:00","2023-04-27 21:00:00+00:00","","2023-04-28 10:30:00+00:00","2026-10-07 01:21:52.596849+00:00","timestamp","","confirmed_historical","official_dated_original_decision_core_archive_trust","official_decision_core_archive_trust_no_independent_historical_sha","ae7e91564befd984b1757424b3ef6052cb7ae7bfde90307b46141cdb12908b89","https://www.cbr.ru/press/pr/?file=28042023_133000Key.htm","ff2972202f2e948988a030f0878f4bec96eb3720b7141105957710f483be0e4a","6496beb56d3165013814486e7e225838c8a3cfb4b177ee0061d1e52a1573105c","macro_policy","policy_decision","unknown","True"
"05c6a74ce1bbc17dbf07e5c9e9501d62b6a78ed78ed32c7c2a86ceddbdce9c0d","a9dbd1fc497a7ee4414cf2061e6dd2fb1995bccb0968abd48464d39e468392f7","cbr","https://www.cbr.ru/press/pr/?file=09062023_133024Key.htm","www.cbr.ru","cbr_key_rate_decision_2023_06_09","2023-06-09 10:30:24+00:00","2023-06-08 21:00:00+00:00","","2023-06-09 10:30:24+00:00","2026-10-07 01:18:51.476173+00:00","timestamp","","confirmed_historical","official_dated_original_decision_core_archive_trust","official_decision_core_archive_trust_no_independent_historical_sha","c5bb7721c8e2c0788cd232c8e5e40ccb6126c65771437d5fa838f4026b4fe75b","https://www.cbr.ru/press/pr/?file=09062023_133024Key.htm","898d5b6a7a08162878d11a41e5b9411429e0b01bd352db9b51fd5e8a42adb9e0","6496beb56d3165013814486e7e225838c8a3cfb4b177ee0061d1e52a1573105c","macro_policy","policy_decision","unknown","True"
"67245b07a5f027846e10fe68c4530eedb683d109280551df0c6632f88cff01a1","b95b569ccaf94de746a37b02da90688a481ae9c607354729dc89f12f51bf134a","cbr","https://www.cbr.ru/press/pr/?file=21072023_133000Key.htm","www.cbr.ru","cbr_key_rate_decision_2023_07_21","2023-07-21 10:30:00+00:00","2023-07-20 21:00:00+00:00","","2023-07-21 10:30:00+00:00","2026-10-07 01:21:26.967980+00:00","timestamp","","confirmed_historical","official_dated_original_decision_core_archive_trust","official_decision_core_archive_trust_no_independent_historical_sha","88d53e6f05c61277a6212e38160ca2c218ccc2c496eb02016a4287ba3621f468","https://www.cbr.ru/press/pr/?file=21072023_133000Key.htm","d38bd547d9c825e41c64f83e8f9768235e89e4cabffdce1c34342edcaacfc1bb","1d72a5a4485bf34baa826923a9d747cb9fe871dddf8138690beaf6d545845926","macro_policy","policy_decision","unknown","True"
"a4691d4347b104c5e6102e7a211e0f9aa5a3e90e1079b27400a2f2ce63bbe802","79f4227d722010dea5f38495a8be637cab82f23b342a88d55917a0dca0423c3c","cbr","https://www.cbr.ru/press/pr/?file=15082023_103000Key.htm","www.cbr.ru","cbr_key_rate_decision_2023_08_15","2023-08-15 07:30:00+00:00","2023-08-14 21:00:00+00:00","","2023-08-15 07:30:00+00:00","2026-10-07 01:19:35.173238+00:00","timestamp","","confirmed_historical","official_dated_original_decision_core_archive_trust","official_decision_core_archive_trust_no_independent_historical_sha","2bfd3e4d948ee852354cf654874280ecb680c269a83b7db13ac7b2c1f690e1ec","https://www.cbr.ru/press/pr/?file=15082023_103000Key.htm","424dd24f55b7fd86d20a92a9df0e9fe4c3665b9909dcf5a963cbc1837464293c","e7100f304d74a2dbd1ad6f5e168c9d9453753d4d984022c12b2ff0f6a1b32152","macro_policy","policy_decision","unknown","True"
"8e6888e188f55d4450330e0b0d63add733222bee23fed209f7a6d28dcc4cf2bc","89334992146c4144f8eb13a177dcf7ce55371a38784edd0adf8aad26025ffe49","cbr","https://www.cbr.ru/press/pr/?file=15092023_133000Key.htm","www.cbr.ru","cbr_key_rate_decision_2023_09_15","2023-09-15 10:30:00+00:00","2023-09-14 21:00:00+00:00","","2023-09-15 10:30:00+00:00","2026-10-07 01:19:57.506216+00:00","timestamp","","confirmed_historical","official_dated_original_decision_core_archive_trust","official_decision_core_archive_trust_no_independent_historical_sha","a6810b8bbb5ac36ea8056826efb64b1434b7cf564d8af3ba83459526a715c206","https://www.cbr.ru/press/pr/?file=15092023_133000Key.htm","7816b0b17a3b0a489346f182ddb7a087bc4d3467fb8a318f41ddf41dd0d78cdb","f7732e3c821f17d7c7332ca437bad5733b8a9abec5da67b435cfd1ce62858c3b","macro_policy","policy_decision","unknown","True"
"96ced4a6e505e73d7ab7f56f5575de72f61ded68badf15817342c54f9b3c43fe","8bb74d49600f7d2af04e02f6f8ec04eff056501fa38632893e9a4ceeec72ba86","cbr","https://www.cbr.ru/press/pr/?file=27102023_133000key.htm","www.cbr.ru","cbr_key_rate_decision_2023_10_27","2023-10-27 10:30:00+00:00","2023-10-26 21:00:00+00:00","","2023-10-27 10:30:00+00:00","2026-10-07 01:21:47.651648+00:00","timestamp","","confirmed_historical","official_dated_original_decision_core_archive_trust","official_decision_core_archive_trust_no_independent_historical_sha","61faeed0dacb92d2e029d813f05d6c14812dff27f300968d41145ada36e196ee","https://www.cbr.ru/press/pr/?file=27102023_133000key.htm","a6def6c3ea33add50e82c52b8f23e7a6b09cbc0600cdc48b032b53bcf658b221","4432aaa5b5bec5b8367d1ceaf7e63b582794419a80881bb80340e694d59c2214","macro_policy","policy_decision","unknown","True"
"cbd3607d16162b06641db8914558489e75fc8dd7fa9fca23385f471f50a212e6","f8e2076d0bf2a7b4b5b0975e21d8231bff26f711596faa3014dfecb9458765a1","cbr","https://www.cbr.ru/press/pr/?file=15122023_133000key.htm","www.cbr.ru","cbr_key_rate_decision_2023_12_15","2023-12-15 10:30:00+00:00","2023-12-14 21:00:00+00:00","","2023-12-15 10:30:00+00:00","2026-10-07 01:20:24.132000+00:00","timestamp","","confirmed_historical","official_dated_original_decision_core_archive_trust","official_decision_core_archive_trust_no_independent_historical_sha","7a0ba435efc6eb20a978b0714b7406359be7f75b4e2b825766ad304fc9a98a47","https://www.cbr.ru/press/pr/?file=15122023_133000key.htm","8bf43f8adbec675cfec7efb011ed72f81fd53e520dd5586c78ffeca2e5058402","8aec720e820677c2282dc2ca9ac644fd73426096e91f8694f5cacb032094d54a","macro_policy","policy_decision","unknown","True"
"f7ac28dfa971a9cb479119e549707cd3fa250a3e1aa739966a6ca4740a0b21a1","7c5a7306924ccff9dff67d1aa17c3f4fa76e0f4c984aa05b574607134f61264b","cbr","https://www.cbr.ru/press/pr/?file=16022024_133000key.htm","www.cbr.ru","cbr_key_rate_decision_2024_02_16","2024-02-16 10:30:00+00:00","2024-02-15 21:00:00+00:00","","2024-02-16 10:30:00+00:00","2026-10-07 01:20:51.275450+00:00","timestamp","","confirmed_historical","official_dated_original_decision_core_archive_trust","official_decision_core_archive_trust_no_independent_historical_sha","40fc0aa8bef165722a3f230f551c9a88be1977851ea025869aabcc73e24ad3fc","https://www.cbr.ru/press/pr/?file=16022024_133000key.htm","992edbefd3451ea91b068458b20dd8a78b771d03efc4b9cdb7bc16edf664b680","a8a9b06d86fba42554d454a6759d2727b70b716801b40db4e5ee61328f66f379","macro_policy","policy_decision","unknown","True"
"cd8aa594e71f11fd81f1bf774581760b15b0360204b9e9af5955a4c0ade6acd9","093be1fbef683b0aedda5091222e248e8dfd95e5103bd46d8adb71c0e8518141","cbr","https://cbr.ru/Collection/Collection/File/48891/forecast_240216.pdf","cbr.ru","cbr_key_rate_decision_2024_02_16","2024-02-16 20:59:59+00:00","","","2024-02-16 20:59:59+00:00","2026-10-06 19:07:36.614828+00:00","day","","confirmed_historical","reviewed_original_official_pdf","original_official_pdf_archive_trust_no_independent_historical_sha","50d0f893db726f5232f6b46760102bc37fbce397f76071fbe02c9ced0c3fa739","https://cbr.ru/Collection/Collection/File/48891/forecast_240216.pdf","425b541ef99e0eba9f07546f9911c2ab073ab1ba54107950b26f60ad387707da","2df52691a5019b91fa539627dd8439f4602be0b1717fe26137ada3fa65c84f79","macro_policy","announcement","unknown","False"
"c8df205f7ec879c8c9249eb1afd842ab71ccc86b67d9ab6f2f2a282b698129b2","0175922c15af0f5aa8b4d2d9ecac9bee79db1a1d575499ea5d4b37bbfb0078fc","cbr","https://www.cbr.ru/press/pr/?file=22032024_133000key.htm","www.cbr.ru","cbr_key_rate_decision_2024_03_22","2024-03-22 10:30:00+00:00","2024-03-21 21:00:00+00:00","","2024-03-22 10:30:00+00:00","2026-10-07 01:21:41.135915+00:00","timestamp","","confirmed_historical","official_dated_original_decision_core_archive_trust","official_decision_core_archive_trust_no_independent_historical_sha","e5edd573e93a161df81f5bda0b9e5882b0bcc7c91b5107d4a4976bea0e484fa9","https://www.cbr.ru/press/pr/?file=22032024_133000key.htm","c1a7edbed3b20f79760037d21af4e2c36b548fa7cbd829005c16a449f36f43fe","a8a9b06d86fba42554d454a6759d2727b70b716801b40db4e5ee61328f66f379","macro_policy","policy_decision","unknown","True"
"9aede72ccfc1256ac33cbf4a52650ac4a61bfa5b345e639fca958e1c83fb3d3a","e04a5bc231d6b524053828276f569fcb1469daaafa784c9c95c405c6f430a8be","cbr","https://www.cbr.ru/press/pr/?file=26042024_133000key.htm","www.cbr.ru","cbr_key_rate_decision_2024_04_26","2024-04-26 10:30:00+00:00","2024-04-25 21:00:00+00:00","","2024-04-26 10:30:00+00:00","2026-10-07 01:21:44.566302+00:00","timestamp","","confirmed_historical","official_dated_original_decision_core_archive_trust","official_decision_core_archive_trust_no_independent_historical_sha","dc1d3ee0ce3b6bfdaf6d7df6d58a1bc9e7d49b1b1a0f837e5c71573224486793","https://www.cbr.ru/press/pr/?file=26042024_133000key.htm","d790c3f7c31402ab9b89c241c5507979fecee22eb154666a5ce62ff30c27a022","a8a9b06d86fba42554d454a6759d2727b70b716801b40db4e5ee61328f66f379","macro_policy","policy_decision","unknown","True"
"ca78a3b47b079734d0e9ccaac4a5a07579cc803da590888420a36461e024c914","73fec2d8c72f752dc40c04b174cf272a8f448d40fb063f39effeba4bacdfcd98","cbr","https://www.cbr.ru/Content/Document/File/160781/forecast_240426.pdf","www.cbr.ru","cbr_key_rate_decision_2024_04_26","2024-04-26 20:59:59+00:00","","","2024-04-26 20:59:59+00:00","2026-10-06 19:07:47.250535+00:00","day","","confirmed_historical","reviewed_original_official_pdf","original_official_pdf_archive_trust_no_independent_historical_sha","adad86f4d6643a63b502ffbfa963ed3ae40bf1bee4a7667909b389e6c708229c","https://www.cbr.ru/Content/Document/File/160781/forecast_240426.pdf","1510147b53487a2706b4522a78aebb414291e43e208cfaf644a1e4afaa0003e5","2df52691a5019b91fa539627dd8439f4602be0b1717fe26137ada3fa65c84f79","macro_policy","announcement","unknown","False"
"b42a4ec064848f0582c6e63eb90e518fcd9e3d9531dedc25028202ca07b70335","69e3e701e47fdc57271d737680de1b4b7162bde3ec602a8d4dab2a285277c7dd","cbr","https://www.cbr.ru/press/pr/?file=07062024_133000Key.htm","www.cbr.ru","cbr_key_rate_decision_2024_06_07","2024-06-07 10:30:00+00:00","2024-06-06 21:00:00+00:00","","2024-06-07 10:30:00+00:00","2026-10-07 01:18:34.904171+00:00","timestamp","","confirmed_historical","official_dated_original_decision_core_archive_trust","official_decision_core_archive_trust_no_independent_historical_sha","9faa8d7be807b10baa1a0d884c457e14cf8a9eb74d4827afdea42fe435e05c43","https://www.cbr.ru/press/pr/?file=07062024_133000Key.htm","9885281da653659fe802119323ff35f26ffd59010c69339cb2b564470b129daa","a8a9b06d86fba42554d454a6759d2727b70b716801b40db4e5ee61328f66f379","macro_policy","policy_decision","unknown","True"
"4a3293c3e02007672a62e22a90724357493b372d7daf7426999ec3192ced875c","9a9feadebd9337f0ee0f500b1453a482584405515634ce598475afaad2e76458","cbr","https://www.cbr.ru/press/pr/?file=26072024_133000Key.htm","www.cbr.ru","cbr_key_rate_decision_2024_07_26","2024-07-26 10:30:00+00:00","2024-07-25 21:00:00+00:00","","2024-07-26 10:30:00+00:00","2026-10-07 01:21:46.193293+00:00","timestamp","","confirmed_historical","official_dated_original_decision_core_archive_trust","official_decision_core_archive_trust_no_independent_historical_sha","c27192defffbc00a1475c8907ae12b45663ca659747dfa647cfbcfa579ea617f","https://www.cbr.ru/press/pr/?file=26072024_133000Key.htm","43701f5d6e4b1d76718b6483b859e85d6053793687eb79c360ccb506d50174dc","270a7c0630f0d814b3dd05735e949a208780bd1197035576453f2b433ad74564","macro_policy","policy_decision","unknown","True"
"f50e1757553355de45713625e0cde6619dab457ede8da49e0f7c907c1adae127","afcc38fa2ae060a7a901745e70f5d701a4874c58871cf78682514e7d4c4c6466","cbr","https://cbr.ru/Content/Document/File/162284/forecast_240726.pdf","cbr.ru","cbr_key_rate_decision_2024_07_26","2024-07-26 20:59:59+00:00","","","2024-07-26 20:59:59+00:00","2026-10-06 19:07:53.672727+00:00","day","","confirmed_historical","reviewed_original_official_pdf","original_official_pdf_archive_trust_no_independent_historical_sha","b34927d2ce2db6755cb8d3f666aeecea0fa6e339ac7c0c3d4a22d20cab01d4d9","https://cbr.ru/Content/Document/File/162284/forecast_240726.pdf","d76e498c355af2b646c79e931e7b7905727c43393b3691872ad4a0f79eb42d0b","2df52691a5019b91fa539627dd8439f4602be0b1717fe26137ada3fa65c84f79","macro_policy","announcement","unknown","False"
"6c6d0a0c61789a937c257af70853b4c6083d72bae446dd05a791fa5b09b50bfa","ffefb0629211cc38a71556345fad02e958562e9613642f115a1416eb56180c96","cbr","https://www.cbr.ru/press/pr/?file=13092024_133000Key.htm","www.cbr.ru","cbr_key_rate_decision_2024_09_13","2024-09-13 10:30:00+00:00","2024-09-12 21:00:00+00:00","","2024-09-13 10:30:00+00:00","2026-10-07 01:19:05.626014+00:00","timestamp","","confirmed_historical","official_dated_original_decision_core_archive_trust","official_decision_core_archive_trust_no_independent_historical_sha","dec96d61a9691d63aa63246832b9b11097a16f3c0591f9f1c4293e413780e760","https://www.cbr.ru/press/pr/?file=13092024_133000Key.htm","48d09fbf6e239f9c75dbf854a3c1d8937523e86e510896f18200c7868e1330f4","ec04fcb580b1c5a7511406c213f2f3fb396811a7c1b56eff02b37c6f7abe4e36","macro_policy","policy_decision","unknown","True"
"5b0292ce24835be184ccf643b998aef85ed19ca17542eca4cde72d2b9b974e1a","da2eebc17b07a01cf2ccf29c5a910cfbadcea436cd4a34007655380f7544d173","cbr","https://www.cbr.ru/press/pr/?file=25102024_133000Key.htm","www.cbr.ru","cbr_key_rate_decision_2024_10_25","2024-10-25 10:30:00+00:00","2024-10-24 21:00:00+00:00","","2024-10-25 10:30:00+00:00","2026-10-07 01:21:43.315874+00:00","timestamp","","confirmed_historical","official_dated_original_decision_core_archive_trust","official_decision_core_archive_trust_no_independent_historical_sha","a71ecdf8ae297f4b72402a2e9f4cffd3616c295a3c6d1ed8117e96b6021a3ceb","https://www.cbr.ru/press/pr/?file=25102024_133000Key.htm","e2024f711b046053471fc301dd1e06819d685d7b1198f1c60d51651c20f94601","d081822ec441479aa216d6e38f948bcb63aba7bbdacbe670dc02bbb57efd7e9f","macro_policy","policy_decision","unknown","True"
"3d9bd5c21e57de2f1f3e6d01d287e64e3169fb5b0dcd6da2c1bd51461da15c42","d2c980967a14d86c1a6b203d4df73a9ed416dd88d0f856753e1245e0f5e786a3","cbr","https://cbr.ru/Content/Document/File/166586/forecast_241025.pdf","cbr.ru","cbr_key_rate_decision_2024_10_25","2024-10-25 20:59:59+00:00","","","2024-10-25 20:59:59+00:00","2026-10-06 19:08:00.880671+00:00","day","","confirmed_historical","reviewed_original_official_pdf","original_official_pdf_archive_trust_no_independent_historical_sha","01fd0b8b53205cee39a7a36bda1affe5c8172b89b05b7d2d9e0353d0dbebd8cd","https://cbr.ru/Content/Document/File/166586/forecast_241025.pdf","42bd84c1431125ab7784326286eace5b5e33436af3d76b3cb01e6e6656cf4b10","2df52691a5019b91fa539627dd8439f4602be0b1717fe26137ada3fa65c84f79","macro_policy","announcement","unknown","False"
"e04d0eeb03444e2cc96c90da02d641b9a1f31632b33fb93c3261f2d03c004f99","0cb3b7190408dfc09964f541414059df4caa0b4bee47db5d5e2edcb32bb00626","cbr","https://www.cbr.ru/press/pr/?file=20122024_133000key.htm","www.cbr.ru","cbr_key_rate_decision_2024_12_20","2024-12-20 10:30:00+00:00","2024-12-19 21:00:00+00:00","","2024-12-20 10:30:00+00:00","2026-10-07 02:01:24.118016+00:00","timestamp","","confirmed_historical","official_dated_original_decision_core_archive_trust","official_decision_core_archive_trust_no_independent_historical_sha","16d66d63ac2f11b9716c9f4b26396b84260cf55fe06b48ee026bac7bb8dbb98c","https://www.cbr.ru/press/pr/?file=20122024_133000key.htm","edcf4428851f1baf3facd9024ccb63c3d0364e0408256819a5d2d04a61eed80e","ab843cb85d33a0e775af8dcff7b51664a5fc8d748a4b7ff4f65ac0cf5937364a","macro_policy","policy_decision","unknown","True"
"37d7c2115932379b17bd208b6b3d230fca1468fda7899575c8a15da2c1e93bb9","7189e5632ab472ff7dd360ca13eb8ca4255f7c01168c6a18de802caa357d3700","cbr","https://www.cbr.ru/press/pr/?file=10022023_133000Key.htm","www.cbr.ru","cbr_key_rate_decision_2023_02_10","2023-02-10 10:30:00+00:00","","","2026-10-07 01:02:50.026702+00:00","2026-10-07 01:02:50.026702+00:00","timestamp","","retrieval_only","dated_primary_release_unverified","retrieval_only_current_snapshot","9c4a1698789fecd4c0ea6a1e94e9a1a0fe291a8c991e372bc389b74dd2ca3f35","https://www.cbr.ru/press/pr/?file=10022023_133000Key.htm","f19435210f5fcc5e099b3c81dcf37809103ed51220e36df01aab3e080a7839a3","6496beb56d3165013814486e7e225838c8a3cfb4b177ee0061d1e52a1573105c","macro_policy","decision","neutral","False"
"37d7c2115932379b17bd208b6b3d230fca1468fda7899575c8a15da2c1e93bb9","f0f31d08ab97a8f21962182217f29d9883c13926fc83319a09d5287723c96da1","cbr","https://www.cbr.ru/press/pr/?file=10022023_133000Key.htm","www.cbr.ru","cbr_key_rate_decision_2023_02_10","2023-02-10 10:30:00+00:00","","","2026-10-07 01:03:13.012181+00:00","2026-10-07 01:03:13.012181+00:00","timestamp","","retrieval_only","unknown","retrieval_only_current_snapshot","3362cffa65b67cfd64e0d367aca9ed300eac4ba264814135ea2d5a3e0c3629b6","https://www.cbr.ru/dkp/cal_mp/","c9fe6c37f8474a8ff286ab23ca55e02daec81c5d0e5caeca63c9bdcbbea91bb8","9197f5a9dc7b9e0e07ee361d5d1886ecf908dc9bba8dec61497ce2e6874539f3","other","other","unknown","False"
"8288c08b15979ea5aebfb25ba9077348fc0664d61f3e99e46d6e515031448c51","28ef7dbd5d9c2013476504e46ac66dce98d0005ab62b2871409fe2ee89cdbf89","cbr","https://www.cbr.ru/press/pr/?file=17032023_133000Key.htm","www.cbr.ru","cbr_key_rate_decision_2023_03_17","2023-03-17 10:30:00+00:00","","","2026-10-07 01:03:13.012181+00:00","2026-10-07 01:03:13.012181+00:00","timestamp","","retrieval_only","unknown","retrieval_only_current_snapshot","3362cffa65b67cfd64e0d367aca9ed300eac4ba264814135ea2d5a3e0c3629b6","https://www.cbr.ru/dkp/cal_mp/","c9fe6c37f8474a8ff286ab23ca55e02daec81c5d0e5caeca63c9bdcbbea91bb8","9197f5a9dc7b9e0e07ee361d5d1886ecf908dc9bba8dec61497ce2e6874539f3","other","other","unknown","False"
"d34e321162422ed0a9e758e10239f331fb3a847c515be89a1d9a88c4165289b4","c77bd5da9fcc2b5a072b71f6da7bd0ee484e50462edad45436ceae17405569b1","cbr","https://www.cbr.ru/press/pr/?file=28042023_133000Key.htm","www.cbr.ru","cbr_key_rate_decision_2023_04_28","2023-04-28 10:30:00+00:00","","","2026-10-07 01:03:13.012181+00:00","2026-10-07 01:03:13.012181+00:00","timestamp","","retrieval_only","unknown","retrieval_only_current_snapshot","3362cffa65b67cfd64e0d367aca9ed300eac4ba264814135ea2d5a3e0c3629b6","https://www.cbr.ru/dkp/cal_mp/","c9fe6c37f8474a8ff286ab23ca55e02daec81c5d0e5caeca63c9bdcbbea91bb8","9197f5a9dc7b9e0e07ee361d5d1886ecf908dc9bba8dec61497ce2e6874539f3","other","other","unknown","False"
"05c6a74ce1bbc17dbf07e5c9e9501d62b6a78ed78ed32c7c2a86ceddbdce9c0d","d50615b32b6bf6938620639b2229b4ca47b2dbd2be4e4b4cb7904a7eb2ea5934","cbr","https://www.cbr.ru/press/pr/?file=09062023_133024Key.htm","www.cbr.ru","cbr_key_rate_decision_2023_06_09","2023-06-09 10:30:24+00:00","","","2026-10-07 01:03:13.012181+00:00","2026-10-07 01:03:13.012181+00:00","timestamp","","retrieval_only","unknown","retrieval_only_current_snapshot","3362cffa65b67cfd64e0d367aca9ed300eac4ba264814135ea2d5a3e0c3629b6","https://www.cbr.ru/dkp/cal_mp/","c9fe6c37f8474a8ff286ab23ca55e02daec81c5d0e5caeca63c9bdcbbea91bb8","9197f5a9dc7b9e0e07ee361d5d1886ecf908dc9bba8dec61497ce2e6874539f3","other","other","unknown","False"
"67245b07a5f027846e10fe68c4530eedb683d109280551df0c6632f88cff01a1","f012c3472121a20fcfb50c8d2636d10a4bf4b6047b3c773a53037234478caed2","cbr","https://www.cbr.ru/press/pr/?file=21072023_133000Key.htm","www.cbr.ru","cbr_key_rate_decision_2023_07_21","2023-07-21 10:30:00+00:00","","","2026-10-07 01:03:13.012181+00:00","2026-10-07 01:03:13.012181+00:00","timestamp","","retrieval_only","unknown","retrieval_only_current_snapshot","3362cffa65b67cfd64e0d367aca9ed300eac4ba264814135ea2d5a3e0c3629b6","https://www.cbr.ru/dkp/cal_mp/","c9fe6c37f8474a8ff286ab23ca55e02daec81c5d0e5caeca63c9bdcbbea91bb8","9197f5a9dc7b9e0e07ee361d5d1886ecf908dc9bba8dec61497ce2e6874539f3","other","other","unknown","False"
"a4691d4347b104c5e6102e7a211e0f9aa5a3e90e1079b27400a2f2ce63bbe802","d85db3c971e6a1401fbc708cd0c1736a3892e568d761ded8f6bcce40b7dc636f","cbr","https://www.cbr.ru/press/pr/?file=15082023_103000Key.htm","www.cbr.ru","cbr_key_rate_decision_2023_08_15","2023-08-15 07:30:00+00:00","","","2026-10-07 01:03:13.012181+00:00","2026-10-07 01:03:13.012181+00:00","timestamp","","retrieval_only","unknown","retrieval_only_current_snapshot","3362cffa65b67cfd64e0d367aca9ed300eac4ba264814135ea2d5a3e0c3629b6","https://www.cbr.ru/dkp/cal_mp/","54b68b187027e06a06c27476866e2fdfbd338edba5ccb360b693bd5b76ee24a3","b247f626c5025947f79c9027b72af7fb544f48b17e6c74c96eae952a819039bf","macro_policy","other","unknown","False"
"8e6888e188f55d4450330e0b0d63add733222bee23fed209f7a6d28dcc4cf2bc","3d27ac784ecfb65ad5daa2064c8431d6cd3395146193e6dbb55ebfb5c721560c","cbr","https://www.cbr.ru/press/pr/?file=15092023_133000Key.htm","www.cbr.ru","cbr_key_rate_decision_2023_09_15","2023-09-15 10:30:00+00:00","","","2026-10-07 01:03:13.012181+00:00","2026-10-07 01:03:13.012181+00:00","timestamp","","retrieval_only","unknown","retrieval_only_current_snapshot","3362cffa65b67cfd64e0d367aca9ed300eac4ba264814135ea2d5a3e0c3629b6","https://www.cbr.ru/dkp/cal_mp/","c9fe6c37f8474a8ff286ab23ca55e02daec81c5d0e5caeca63c9bdcbbea91bb8","9197f5a9dc7b9e0e07ee361d5d1886ecf908dc9bba8dec61497ce2e6874539f3","other","other","unknown","False"
"96ced4a6e505e73d7ab7f56f5575de72f61ded68badf15817342c54f9b3c43fe","cc7812566ebdd1cc431f54ef37a5f2526e7bf719d9dce015495c7e52875a74e2","cbr","https://www.cbr.ru/press/pr/?file=27102023_133000key.htm","www.cbr.ru","cbr_key_rate_decision_2023_10_27","2023-10-27 10:30:00+00:00","","","2026-10-07 01:03:13.012181+00:00","2026-10-07 01:03:13.012181+00:00","timestamp","","retrieval_only","unknown","retrieval_only_current_snapshot","3362cffa65b67cfd64e0d367aca9ed300eac4ba264814135ea2d5a3e0c3629b6","https://www.cbr.ru/dkp/cal_mp/","c9fe6c37f8474a8ff286ab23ca55e02daec81c5d0e5caeca63c9bdcbbea91bb8","9197f5a9dc7b9e0e07ee361d5d1886ecf908dc9bba8dec61497ce2e6874539f3","other","other","unknown","False"
"cbd3607d16162b06641db8914558489e75fc8dd7fa9fca23385f471f50a212e6","cd6559a1733e552dde632140898df3c6417b4e165b457f26f719faf7d61021cc","cbr","https://www.cbr.ru/press/pr/?file=15122023_133000key.htm","www.cbr.ru","cbr_key_rate_decision_2023_12_15","2023-12-15 10:30:00+00:00","","","2026-10-07 01:03:13.012181+00:00","2026-10-07 01:03:13.012181+00:00","timestamp","","retrieval_only","unknown","retrieval_only_current_snapshot","3362cffa65b67cfd64e0d367aca9ed300eac4ba264814135ea2d5a3e0c3629b6","https://www.cbr.ru/dkp/cal_mp/","c9fe6c37f8474a8ff286ab23ca55e02daec81c5d0e5caeca63c9bdcbbea91bb8","9197f5a9dc7b9e0e07ee361d5d1886ecf908dc9bba8dec61497ce2e6874539f3","other","other","unknown","False"
"f7ac28dfa971a9cb479119e549707cd3fa250a3e1aa739966a6ca4740a0b21a1","701f80abdd260bf38cad46ea4f3aa92e95e6769488d9f3f46b3688b7759dd4ed","cbr","https://www.cbr.ru/press/pr/?file=16022024_133000key.htm","www.cbr.ru","cbr_key_rate_decision_2024_02_16","2024-02-16 10:30:00+00:00","","","2026-10-07 01:03:13.012181+00:00","2026-10-07 01:03:13.012181+00:00","timestamp","","retrieval_only","unknown","retrieval_only_current_snapshot","3362cffa65b67cfd64e0d367aca9ed300eac4ba264814135ea2d5a3e0c3629b6","https://www.cbr.ru/dkp/cal_mp/","c9fe6c37f8474a8ff286ab23ca55e02daec81c5d0e5caeca63c9bdcbbea91bb8","9197f5a9dc7b9e0e07ee361d5d1886ecf908dc9bba8dec61497ce2e6874539f3","other","other","unknown","False"
"c8df205f7ec879c8c9249eb1afd842ab71ccc86b67d9ab6f2f2a282b698129b2","c6cc408d6fa7ce5a92e67ec6b5898cf8458870b0f13651f2a3afccdc74eec2e9","cbr","https://www.cbr.ru/press/pr/?file=22032024_133000key.htm","www.cbr.ru","cbr_key_rate_decision_2024_03_22","2024-03-22 10:30:00+00:00","","","2026-10-07 01:03:13.012181+00:00","2026-10-07 01:03:13.012181+00:00","timestamp","","retrieval_only","unknown","retrieval_only_current_snapshot","3362cffa65b67cfd64e0d367aca9ed300eac4ba264814135ea2d5a3e0c3629b6","https://www.cbr.ru/dkp/cal_mp/","c9fe6c37f8474a8ff286ab23ca55e02daec81c5d0e5caeca63c9bdcbbea91bb8","9197f5a9dc7b9e0e07ee361d5d1886ecf908dc9bba8dec61497ce2e6874539f3","other","other","unknown","False"
"9aede72ccfc1256ac33cbf4a52650ac4a61bfa5b345e639fca958e1c83fb3d3a","892c1de9caad61202e86877c29a1403f391e67d3fadc1de6b0d76fd0a43df434","cbr","https://www.cbr.ru/press/pr/?file=26042024_133000key.htm","www.cbr.ru","cbr_key_rate_decision_2024_04_26","2024-04-26 10:30:00+00:00","","","2026-10-07 01:03:13.012181+00:00","2026-10-07 01:03:13.012181+00:00","timestamp","","retrieval_only","unknown","retrieval_only_current_snapshot","3362cffa65b67cfd64e0d367aca9ed300eac4ba264814135ea2d5a3e0c3629b6","https://www.cbr.ru/dkp/cal_mp/","c9fe6c37f8474a8ff286ab23ca55e02daec81c5d0e5caeca63c9bdcbbea91bb8","9197f5a9dc7b9e0e07ee361d5d1886ecf908dc9bba8dec61497ce2e6874539f3","other","other","unknown","False"
"b42a4ec064848f0582c6e63eb90e518fcd9e3d9531dedc25028202ca07b70335","5a5f4d2822570ecfe4907e1d0b452b221ba8ef98157b9ae96bd5e55aa5663183","cbr","https://www.cbr.ru/press/pr/?file=07062024_133000Key.htm","www.cbr.ru","cbr_key_rate_decision_2024_06_07","2024-06-07 10:30:00+00:00","","","2026-10-07 01:03:13.012181+00:00","2026-10-07 01:03:13.012181+00:00","timestamp","","retrieval_only","unknown","retrieval_only_current_snapshot","3362cffa65b67cfd64e0d367aca9ed300eac4ba264814135ea2d5a3e0c3629b6","https://www.cbr.ru/dkp/cal_mp/","c9fe6c37f8474a8ff286ab23ca55e02daec81c5d0e5caeca63c9bdcbbea91bb8","9197f5a9dc7b9e0e07ee361d5d1886ecf908dc9bba8dec61497ce2e6874539f3","other","other","unknown","False"
"4a3293c3e02007672a62e22a90724357493b372d7daf7426999ec3192ced875c","65f7b09059e873fcd2f3bbbc70184bb5f089723e7c92c35961e414b469c5fedb","cbr","https://www.cbr.ru/press/pr/?file=26072024_133000Key.htm","www.cbr.ru","cbr_key_rate_decision_2024_07_26","2024-07-26 10:30:00+00:00","","","2026-10-07 01:03:13.012181+00:00","2026-10-07 01:03:13.012181+00:00","timestamp","","retrieval_only","unknown","retrieval_only_current_snapshot","3362cffa65b67cfd64e0d367aca9ed300eac4ba264814135ea2d5a3e0c3629b6","https://www.cbr.ru/dkp/cal_mp/","c9fe6c37f8474a8ff286ab23ca55e02daec81c5d0e5caeca63c9bdcbbea91bb8","9197f5a9dc7b9e0e07ee361d5d1886ecf908dc9bba8dec61497ce2e6874539f3","other","other","unknown","False"
"6c6d0a0c61789a937c257af70853b4c6083d72bae446dd05a791fa5b09b50bfa","9d3c2522d21e735e6848340fd9a4bc85ba2201f00e6eff5b162802cc498c9879","cbr","https://www.cbr.ru/press/pr/?file=13092024_133000Key.htm","www.cbr.ru","cbr_key_rate_decision_2024_09_13","2024-09-13 10:30:00+00:00","","","2026-10-07 01:03:13.012181+00:00","2026-10-07 01:03:13.012181+00:00","timestamp","","retrieval_only","unknown","retrieval_only_current_snapshot","3362cffa65b67cfd64e0d367aca9ed300eac4ba264814135ea2d5a3e0c3629b6","https://www.cbr.ru/dkp/cal_mp/","c9fe6c37f8474a8ff286ab23ca55e02daec81c5d0e5caeca63c9bdcbbea91bb8","9197f5a9dc7b9e0e07ee361d5d1886ecf908dc9bba8dec61497ce2e6874539f3","other","other","unknown","False"
"5b0292ce24835be184ccf643b998aef85ed19ca17542eca4cde72d2b9b974e1a","f7e97f57aa0c5436a5f4b37cbdec952ab21d62b7e4cee5edbe8a6b850d00bd56","cbr","https://www.cbr.ru/press/pr/?file=25102024_133000Key.htm","www.cbr.ru","cbr_key_rate_decision_2024_10_25","2024-10-25 10:30:00+00:00","","","2026-10-07 01:03:13.012181+00:00","2026-10-07 01:03:13.012181+00:00","timestamp","","retrieval_only","unknown","retrieval_only_current_snapshot","3362cffa65b67cfd64e0d367aca9ed300eac4ba264814135ea2d5a3e0c3629b6","https://www.cbr.ru/dkp/cal_mp/","c9fe6c37f8474a8ff286ab23ca55e02daec81c5d0e5caeca63c9bdcbbea91bb8","9197f5a9dc7b9e0e07ee361d5d1886ecf908dc9bba8dec61497ce2e6874539f3","other","other","unknown","False"
"e04d0eeb03444e2cc96c90da02d641b9a1f31632b33fb93c3261f2d03c004f99","35bf789955d2cdee2f18b71d638f11ec94116177b0f05c33f2a5091a8a4e9152","cbr","https://www.cbr.ru/press/pr/?file=20122024_133000key.htm","www.cbr.ru","cbr_key_rate_decision_2024_12_20","2024-12-20 10:30:00+00:00","","","2026-10-07 01:03:13.012181+00:00","2026-10-07 01:03:13.012181+00:00","timestamp","","retrieval_only","unknown","retrieval_only_current_snapshot","3362cffa65b67cfd64e0d367aca9ed300eac4ba264814135ea2d5a3e0c3629b6","https://www.cbr.ru/dkp/cal_mp/","c9fe6c37f8474a8ff286ab23ca55e02daec81c5d0e5caeca63c9bdcbbea91bb8","9197f5a9dc7b9e0e07ee361d5d1886ecf908dc9bba8dec61497ce2e6874539f3","other","other","unknown","False"
"2dc236abb28fcdc618123ea15342a17892c813a449d2abd7bff8d6dd40645ee5","644fff58f86e0c3bb086891cd6d6368bb2edbff7d86f939ae28e32bf2d56f080","lenta","https://lenta.ru/news/2023/01/14/church/","lenta.ru","3d14c6b330e350481d5387f1a48d87ebf7be2af6e68c3cd26daeae09c0a5faf4","2023-01-14 20:59:59+00:00","","","2026-10-07 01:03:18.648674+00:00","2026-10-07 01:03:18.648674+00:00","day","","retrieval_only","unknown","retrieval_only_current_snapshot","aa0d12f1a32b45205278eec04fc19551639f3122fc8f9c3b360f9eda036ae427","https://lenta.ru/2023/01/15/","59ee01aaa7ba9a043073f3de4a1affdb6a41576233e54d629dc6e91b399837b4","e4d13ad32bee6824e5c41dca0d7f0b1125acf26398abb3a50797063144bce0bc","other","increase","unknown","True"
"9669ad0c1085f65e939454cfa40b86451b0bf7e214562f3463c515c239d7f8b0","7c77c5bce21350156af93b521bb4492b8bd94a929aa6b63eea83643b87fa4a16","lenta","https://lenta.ru/news/2023/01/14/luk/","lenta.ru","9426c94c93cb2b9ed63214cfaf9f3fed1f3c3cb1791b91aac6155434bb81cde4","2023-01-14 20:59:59+00:00","","","2026-10-07 01:03:18.648674+00:00","2026-10-07 01:03:18.648674+00:00","day","","retrieval_only","unknown","retrieval_only_current_snapshot","aa0d12f1a32b45205278eec04fc19551639f3122fc8f9c3b360f9eda036ae427","https://lenta.ru/2023/01/15/","fa7056d8959c3aeb5f786202e98db2f8d1f0920e35b4ce27415bda65a7a7bec3","5ffd55c5f08013d9c6e20dc6f0d56dce64f80ecacce2d8207ec6e41532295f54","other","decrease","unknown","True"
"9d6ac6371340d739a9011f0b69b7725b3e28910be213d90373e4bbd3211a3746","803803f9e91c67b8e554062412d087b357a8586f85daa6b0538c14c5e2cd797b","lenta","https://lenta.ru/news/2023/01/14/brak/","lenta.ru","1165ff857a72d7dcbbd28a694d1e98fd0615ce77e6ab44a92024d05eacba1eef","2023-01-14 20:59:59+00:00","","","2026-10-07 01:03:18.648674+00:00","2026-10-07 01:03:18.648674+00:00","day","","retrieval_only","unknown","retrieval_only_current_snapshot","aa0d12f1a32b45205278eec04fc19551639f3122fc8f9c3b360f9eda036ae427","https://lenta.ru/2023/01/15/","c2af4165f48511398e286d3c68cb2b39d4325d550c9ac96874c4690bc03b9422","cb22d7d4aa81b5261e4b826a4e31f55bafa91adc5f134cb80da12fcf988ce57f","other","other","unknown","True"
"c59203ececc0473ad4824dbc80d627db06c114ca38b30efa76ac87abeff3c5b6","413264a95a3f1db4a445e2934bc73d7a839fb2eb7e964fc18101c8b26a0311ba","lenta","https://lenta.ru/news/2023/02/14/refusal/","lenta.ru","15b27f89806eb347362790c83899dfd5bbdaabae34b9f8ac4693ec23838fe2e8","2023-02-14 20:59:59+00:00","","","2026-10-07 01:09:22.094532+00:00","2026-10-07 01:09:22.094532+00:00","day","","retrieval_only","unknown","retrieval_only_current_snapshot","109111e9c56b04ed59440520f7148188301aa3d418eb203a9750255f88cfc452","https://lenta.ru/2023/02/15/","9268f688c9f5c6cdd7a0be2045c4cec6e54237160359ed3a08d8ad3750ad45da","2e36d980816d83595f5f0eb41019699f23166ad16741e8cdb718cbb2044f2428","other","other","unknown","True"
"8da808e47f293387b6413bccbc104aaabde116ff873ea06cbdb118577d15bdaa","de0d053b3a974c651c5178025fe64a8f5412237616be2aaea8ad8929691d092b","lenta","https://lenta.ru/news/2023/02/15/38khloe/","lenta.ru","e9324a105c707a05f6177168c3ae8e497c9d36e7eb6c00075512a76001fb1375","2023-02-15 20:59:59+00:00","","","2026-10-07 01:09:22.094532+00:00","2026-10-07 01:09:22.094532+00:00","day","","retrieval_only","unknown","retrieval_only_current_snapshot","109111e9c56b04ed59440520f7148188301aa3d418eb203a9750255f88cfc452","https://lenta.ru/2023/02/15/","70c5d85ae0dcf1c13aef1aa160f47633b53f1794c490fc72c8fe4610403e32fe","4c8f85283df175cafdaa45fa6541adad1dbfba335c74015b7e8177aa80306893","other","other","unknown","True"
"c2bff52b379d7182a70206013829c8acc6638068772af73c94fcda8e63a0c8bb","ce8779c0ed707b805f90861008dcea0c07af10e4f52539f90fcd478c8c12f23f","lenta","https://lenta.ru/news/2023/02/15/13yo_pregnant/","lenta.ru","fda8e5afad1cab3cbba7f101f601f9bc97cd7f1c5e119b6690ca577d36dc71e6","2023-02-15 20:59:59+00:00","","","2026-10-07 01:09:22.094532+00:00","2026-10-07 01:09:22.094532+00:00","day","","retrieval_only","unknown","retrieval_only_current_snapshot","109111e9c56b04ed59440520f7148188301aa3d418eb203a9750255f88cfc452","https://lenta.ru/2023/02/15/","aaeb04108dc935b65fc497b29c65bee864be41c4ee30703834a6e34a58493d02","b3bb9a8ff552e8bd61661ee74df994e882d9a18ae0eeff99ea907e4b02710625","other","other","unknown","True"
"1a2fd97e859f7026ce2be3b6d4b6d12dbc9ef05ba76402dcc9548eb57666a9ee","476356320d17bccba6d1e779501ae1c3242643681d08457b97118fe2bd4212a1","lenta","https://lenta.ru/news/2023/03/14/appleee/","lenta.ru","1b8cc722692310f0910d3c748d5db07b24bca4c4aa1a1cc4344e21e7eb3f46c7","2023-03-14 20:59:59+00:00","","","2026-10-07 01:09:26.981880+00:00","2026-10-07 01:09:26.981880+00:00","day","","retrieval_only","unknown","retrieval_only_current_snapshot","98bf03f546e203067b01ebc85bc7dfe4627ba4ed33493b64e24d2b5706cc867f","https://lenta.ru/2023/03/15/","8223b2550d162462a6a6edc6132d484b8497a6ae61660f6cc6585a379890b8da","316332ea771b14e62bf3cb822eba8e01a9695d809b55babc984b927aaab3bdf6","business_activity","other","unknown","True"
"61c20407894976232f60af81a6a6ba8ea4d61727d90201c48c47538d9a73fe58","ae92a7e02dcfceb6004052f65bfdc42e23f5c896602122c79ecfdf890e8c9977","lenta","https://lenta.ru/news/2023/03/14/jkl/","lenta.ru","e91a6e88fab2fd77aba259ee8e84d2ca648fba88ea75cb5dd06e8bb3e6446b84","2023-03-14 20:59:59+00:00","","","2026-10-07 01:09:26.981880+00:00","2026-10-07 01:09:26.981880+00:00","day","","retrieval_only","unknown","retrieval_only_current_snapshot","98bf03f546e203067b01ebc85bc7dfe4627ba4ed33493b64e24d2b5706cc867f","https://lenta.ru/2023/03/15/","f4cc981728a37584e82755eb28edbecccba9ac831a09109ab94e343ea29cdccc","a65b7205b1efbb85cb3e1b03ad0e6f42f36841a7f4748fa727a568a630c71dbf","other","other","unknown","True"
"d33dc887e539a1584634dbb2de21aad9c6e10dbd189f4136727eaa5481cd2a9c","d6e068a49c63665ae1fcc76249cc9a2243516b6a8217a52f6e069294e51dbd0b","lenta","https://lenta.ru/news/2023/03/14/safe_sex/","lenta.ru","1aca6a946ae7ad914253971b9bdfe2e82d6a6340f9789227c93ba7f0ebf6433e","2023-03-14 20:59:59+00:00","","","2026-10-07 01:09:26.981880+00:00","2026-10-07 01:09:26.981880+00:00","day","","retrieval_only","unknown","retrieval_only_current_snapshot","98bf03f546e203067b01ebc85bc7dfe4627ba4ed33493b64e24d2b5706cc867f","https://lenta.ru/2023/03/15/","48df27282b21028adc7ea07a079107471b620f70995550d4882d54c3e57f7eef","bbc5b19f9be94a954280d3a90ae1a210a0b889f0de88edc04816674cb9fa6f77","other","other","unknown","True"
"1329d29c0d6d640c60cf9daf9f7dc78441aad5cf20e580114584cf4557cdc535","2bbc613c19984ba57eea9cbb24af0140bb3c17b397df8387476bd124cd025d05","lenta","https://lenta.ru/news/2023/04/15/besporadok/","lenta.ru","e4f69c5f8a4ec4bbe0195209a13fcc2fb8de09008ab9bcccb0ab943a9c06ba1d","2023-04-15 20:59:59+00:00","","","2026-10-07 01:09:31.916144+00:00","2026-10-07 01:09:31.916144+00:00","day","","retrieval_only","unknown","retrieval_only_current_snapshot","9b7fdbcdd10efc577de0deb1c3cb9cead86e4a86060175287315cb64698e98e7","https://lenta.ru/2023/04/15/","544d652ff70b7c331e7770637f997cde957cf418989067510837e67510357203","3c5f21f4a1a3fcc775bffe1cb405475f57e858634854f382de5a031266d290c3","income_wages","decision","unknown","True"
"4a491b104fbd10b7b93aeddcaf0eaffab00cdd1c26af2e36775d41bb0a9bd4be","b75f2e7f47b3b2c53b435ae40bee9adfdae8ef30b4f16354d715f2e20d229fd4","lenta","https://lenta.ru/news/2023/04/15/antikrisis/","lenta.ru","f4256308b1c3f2a548e516f8f3a147504bc787c583f3cf658c844bb8f2a4775a","2023-04-15 20:59:59+00:00","","","2026-10-07 01:09:31.916144+00:00","2026-10-07 01:09:31.916144+00:00","day","","retrieval_only","unknown","retrieval_only_current_snapshot","9b7fdbcdd10efc577de0deb1c3cb9cead86e4a86060175287315cb64698e98e7","https://lenta.ru/2023/04/15/","9a6c53a5716c2c79026cafa1ff374de4ddb653106e583bd26f557978bc70a210","a6ff7ffecef030260daf987469e69f5690767fb4fae58dd1b8748c136b490b46","other","other","unknown","True"
"4b5abcdd2280fbb01971fed35faa462531e0fae5aa3679ea66554a2a6d9fb1e0","e20a983ca025a91baffd1e88649968cee2b6df79494416824865144869d584ad","lenta","https://lenta.ru/news/2023/04/15/amazon/","lenta.ru","8faba92a78ca427f58dd5eb9516ff10d11ba4c374ae7476ae6c6d928e5ef047b","2023-04-15 20:59:59+00:00","","","2026-10-07 01:09:31.916144+00:00","2026-10-07 01:09:31.916144+00:00","day","","retrieval_only","unknown","retrieval_only_current_snapshot","9b7fdbcdd10efc577de0deb1c3cb9cead86e4a86060175287315cb64698e98e7","https://lenta.ru/2023/04/15/","18e798a2364ac74dd081579d0c605dab7f80b1b33d5091aebe6b1b49f4ae5c9d","7ae3e1f4242bf3336613445e2478ad6442f7c51a07237b3f45341f1b8a37b69b","other","other","unknown","True"
"50890637f143c416184ba1e1283160939df0428b96cee6b5362d99dfbd863e88","001354a294a4c0e082b5f1b664cab476ef02ee0729b0f9887fa4a0431743ba4a","lenta","https://lenta.ru/news/2023/05/15/barca/","lenta.ru","8f17da8dfdfcb9225bffe79208cdc17bf0462f10d07fdc6c563ad0b118b49c68","2023-05-15 20:59:59+00:00","","","2026-10-07 01:09:36.951599+00:00","2026-10-07 01:09:36.951599+00:00","day","","retrieval_only","unknown","retrieval_only_current_snapshot","46bc8b4e4f1aa4f3428ae15a2372a1a5abfebb427bce9a4fd3e9194d7c0aa839","https://lenta.ru/2023/05/15/","649e2a4092d5d209a808754d15e96025ed2e628706e28ea0aaad644ff9f5c600","ad9aa78e4a83c759d9a24f442310ee46be8f823c16d8ca857ae7ef0f8f4999fa","other","other","unknown","True"
"8d6fc7e0083aa9130030eb663ccd32519768ab68eb0b902ce931372822c81692","7b6ff62aaa12e05ebd79e5b436fcb0fa7b5ff05f2704550a7b51743eabe3b1d5","lenta","https://lenta.ru/news/2023/05/15/autopilot/","lenta.ru","cbd8457e129be667a35ab6c328854c93818c9ed23f5f52180467f69785164979","2023-05-15 20:59:59+00:00","","","2026-10-07 01:09:36.951599+00:00","2026-10-07 01:09:36.951599+00:00","day","","retrieval_only","unknown","retrieval_only_current_snapshot","46bc8b4e4f1aa4f3428ae15a2372a1a5abfebb427bce9a4fd3e9194d7c0aa839","https://lenta.ru/2023/05/15/","629d0a7b92de6dd54aab3b5aea361e929f6aa8b72b9c37d9ac3e245959cdbf18","370621403ce82c1434e514768ffca6aa9c925c3854a3acb78e89e9e685c5ef55","other","other","unknown","True"
"b4d764a2cfc453fc5e8db42032881afc04a2d9f04b65b4029eef8993870ea071","d867360c84416e0c81f2f17c098bec7c8c60315f733fdda4b640e2eab4ca72e9","lenta","https://lenta.ru/news/2023/05/15/baidenturciya/","lenta.ru","5204b7f8b00e2cb4798174552c0eda1355a0e3f94edf3a5fb4ca89114f2b6174","2023-05-15 20:59:59+00:00","","","2026-10-07 01:09:36.951599+00:00","2026-10-07 01:09:36.951599+00:00","day","","retrieval_only","unknown","retrieval_only_current_snapshot","46bc8b4e4f1aa4f3428ae15a2372a1a5abfebb427bce9a4fd3e9194d7c0aa839","https://lenta.ru/2023/05/15/","f21c26baa824ca38c7d04bb67d4ecce209acb435d47e41e5673c23e73587dee0","8398f2605f2ef63145942aec93442eb2f83a15fb9a148bd70f2af76b34528fdb","other","other","unknown","True"
"a9c69e28e091fa262469995041ded0ffbfd6557b86d681c8e1a053139787eceb","0912c3b5c548339ca35bf57cfe769a52028ddc0656dcf56b34ed819a7118f15c","lenta","https://lenta.ru/news/2023/06/15/blinken_/","lenta.ru","4ac22400bbd09a859934a81e3e36fe3ad11a5c6cf51f485a1124943133712a4d","2023-06-15 20:59:59+00:00","","","2026-10-07 01:09:42.010810+00:00","2026-10-07 01:09:42.010810+00:00","day","","retrieval_only","unknown","retrieval_only_current_snapshot","39482b2eb198c09b50922ee2b02090c25ea874441e2de43cdc4987c6a6e6329c","https://lenta.ru/2023/06/15/","52c9adcb77a26cba9a05236e6b9955f2f20ab49b38613b5b00bff2d425b9789d","29e6386a9d33f883daf9092be4075fc8a7a983ab0f565c1c85532a4b98400e26","other","other","unknown","True"
"af3dddb0b140d7728262269af29455bdfa171aabc10fa9edd89d07d7315e43b1","2b28f1ace0f5d1b99e2bff25d72b6980ae3270adb01ec24f55deb0cc0c30a00c","lenta","https://lenta.ru/news/2023/06/15/besopasnost/","lenta.ru","b83a1d803dd879bb1ff1cac4df82417fcc5489e8b6c42935932d4826b3a0d7ca","2023-06-15 20:59:59+00:00","","","2026-10-07 01:09:42.010810+00:00","2026-10-07 01:09:42.010810+00:00","day","","retrieval_only","unknown","retrieval_only_current_snapshot","39482b2eb198c09b50922ee2b02090c25ea874441e2de43cdc4987c6a6e6329c","https://lenta.ru/2023/06/15/","f3e75cc189a16a25044e369e415e595fd2ac51401554994aa407fda65e78661a","66cc9050cadf9e78d9ceb8ed916dee78df9e17e59ab0d9b0b8501035abfa4094","other","other","unknown","True"
"bcace82cfb37fd9ee3325e7e0c20594de5018b5bfa0e7966515acf360aaa851c","c7e7bf7f2513e04692077a9699c5aca1f460d34514a98ca500eaa842c0c11d68","lenta","https://lenta.ru/news/2023/06/15/abrams/","lenta.ru","23883056ee4916b2290c4301440bb9c085245c02692904726ed0f19f8c278c7c","2023-06-15 20:59:59+00:00","","","2026-10-07 01:09:42.010810+00:00","2026-10-07 01:09:42.010810+00:00","day","","retrieval_only","unknown","retrieval_only_current_snapshot","39482b2eb198c09b50922ee2b02090c25ea874441e2de43cdc4987c6a6e6329c","https://lenta.ru/2023/06/15/","e1ae79b1ef524f8b7c1e4bddb47100c8918da48cff6c30e49e0a50fdec91580a","037134dea9a6793b65bb1f62bf0f0c504982079e50a7fb279d8618578f73b6c5","other","other","unknown","True"
"090dba00df26b4308203ee7ef89035f792e743febb031a374b0ca1309172ea62","e5162ada1c8aa34d8e1cf1dee35c01ecae880cb0f483f67ec9964736f1273378","lenta","https://lenta.ru/news/2023/07/14/sanksi_/","lenta.ru","efebb4de192f0e8df093d3d19b79dacb1e8ff2111b2dbd0f3daaa0361d2a8b06","2023-07-14 20:59:59+00:00","","","2026-10-07 01:09:47.005828+00:00","2026-10-07 01:09:47.005828+00:00","day","","retrieval_only","unknown","retrieval_only_current_snapshot","767895db06bac8eb34d243dd310c8607ccedbfd2d542c2a94942cd56da06278d","https://lenta.ru/2023/07/15/","0be2b6db0b7e52b43eed2457f48d9870abb0b7ab2fefc58d781c34f7ba6b687c","bc1c18be03b3bc5c0dddf41443d3d30e96b49ebe3352410036f3aef046c3bc18","sanctions_external","restriction","negative","True"
"72e5648275f57abaf96b1c2d6087665bd33b4b78e7395ab3e1e4e683bd62e326","0da2975c5a0704387da991b04b0810ce61c1d63411432988a1230ec49ab8bde7","lenta","https://lenta.ru/news/2023/07/15/every_day/","lenta.ru","c71f419e4995dab00bf1cabb27b238b97fa01cd4eb22c4810e0c258e9c904340","2023-07-15 20:59:59+00:00","","","2026-10-07 01:09:47.005828+00:00","2026-10-07 01:09:47.005828+00:00","day","","retrieval_only","unknown","retrieval_only_current_snapshot","767895db06bac8eb34d243dd310c8607ccedbfd2d542c2a94942cd56da06278d","https://lenta.ru/2023/07/15/","cb0198b65382590485a5ce6ecc964b8fd1aeee991b468b740867e32f6156fd0b","46ab984d40950edb7834dc69a1805c1edd74ed33baf4c18545352199319ccf78","other","other","unknown","True"
"73292ce2142db5de8d474680e90aa552604989aa24c0178bcefd0aa98f1efb3a","08fd003d2cfdfc2b0a93714a5f01559bf056108e3d73b0a5b45b457a2a2edfb6","lenta","https://lenta.ru/news/2023/07/15/crish/","lenta.ru","f9b6f890a64c6f9944e5d0f229ac0f954fd351412aa5d2268ff10eb9d0033248","2023-07-15 20:59:59+00:00","","","2026-10-07 01:09:47.005828+00:00","2026-10-07 01:09:47.005828+00:00","day","","retrieval_only","unknown","retrieval_only_current_snapshot","767895db06bac8eb34d243dd310c8607ccedbfd2d542c2a94942cd56da06278d","https://lenta.ru/2023/07/15/","35f1f50965d900dd32963cacae96cf15ed4c609727bdf089b8c784d0e8d5a8e6","e3a8d228795f0e27da12839a1311976dddba27903d968e3314ff8d08eabddc84","other","other","unknown","True"
"e27c6628ace65f3b6fa3aea7ab7d09d405475fde5db6cc42ada0794a0a45e3fd","4968cf94e50b8bf4def0f4ed6fefe4fe417af3efa883f4850685f6ddbf4dd68b","lenta","https://lenta.ru/news/2023/08/14/mark/","lenta.ru","d8842fa7b22a6233b752908813e62db2dcb91f208d85479ac1cdae36b891278d","2023-08-14 20:59:59+00:00","","","2026-10-07 01:09:52.008467+00:00","2026-10-07 01:09:52.008467+00:00","day","","retrieval_only","unknown","retrieval_only_current_snapshot","84beb62b030c79b42253a171f7adef43db09b9f8915e8476115c1cc41ae8a677","https://lenta.ru/2023/08/15/","0800da7fcffb0644b0348e9d4db31bb19d152f2dd94c23f89067b4169ce1183e","fa1201354c5e031ffb6af3a6728b7e57618251fa3a7d5a4833eb3df00e1f4715","other","other","unknown","True"
"4b2b38fcd82a2bd10265a52f6d474c23b9d236dc4611f9f2e87317fd1f8f4428","c02e8e750fa5407e152099864ddcf7ea12b409516f95b7f6042434e1697d9d5c","lenta","https://lenta.ru/news/2023/08/15/antonov/","lenta.ru","652045d1057d2eeb828032da2a956dda8687e52e2f6605637567bd0b93dbcbaf","2023-08-15 20:59:59+00:00","","","2026-10-07 01:09:52.008467+00:00","2026-10-07 01:09:52.008467+00:00","day","","retrieval_only","unknown","retrieval_only_current_snapshot","84beb62b030c79b42253a171f7adef43db09b9f8915e8476115c1cc41ae8a677","https://lenta.ru/2023/08/15/","f78c2de9ee9c73d550c7046df0fa9b23fe98c13207f683e95f0fcf72bc62b503","3d00a824cd9023a8cd8e4ba3e5e9c14d9365f67fcaf674ba24bd7d3fab2d5ceb","other","other","unknown","True"
"a70df5d15af7e5861d4c201dc835c1245c85d2ea5f4edc9b4859369a2fcbe0c8","6da9254164ec3fed0d6a365d81a900ab0509c01ea246a1ef07714268e2278358","lenta","https://lenta.ru/news/2023/08/15/cardamom/","lenta.ru","bafe368ec8e75a29842d2607c319bdfeb3687ef5be9bef525c9245e8a3bb5d47","2023-08-15 20:59:59+00:00","","","2026-10-07 01:09:52.008467+00:00","2026-10-07 01:09:52.008467+00:00","day","","retrieval_only","unknown","retrieval_only_current_snapshot","84beb62b030c79b42253a171f7adef43db09b9f8915e8476115c1cc41ae8a677","https://lenta.ru/2023/08/15/","238ab609c7e6ee689956b1ef9760582045fd1bad597649e43ba5bc2ddaf1dabf","c1adab5351f22a9030512c8f8769a580fccb0f36524000c94214af89d523bfb4","other","other","unknown","True"
"2ef69ab790236f435b00f7df9052813e09233d28991c20945504c665529f2240","a74c2523dbc29975983b2436fdf0df18ac5b38bf00f90145091e4590beaab46e","lenta","https://lenta.ru/news/2023/09/14/ukrbraz/","lenta.ru","9f912b46ed3f8cb98940bcbb6f060b065087757474bb29ce0cb27e3dfcc8be94","2023-09-14 20:59:59+00:00","","","2026-10-07 01:09:56.877877+00:00","2026-10-07 01:09:56.877877+00:00","day","","retrieval_only","unknown","retrieval_only_current_snapshot","427cb6d0bd8b6fe98b5d759c06ada7b01cd59888bd94e6a8b4535613fd4fddae","https://lenta.ru/2023/09/15/","802e155a66b50919966ad1fa6558eca94a5fe566bc8209815909c5853f560c7b","6dc30c1dccf2e05ad88ffff01e48b2384497b517b4d7de15738653ef27ab87f3","other","other","unknown","True"
"764ab262992e231edb6d8952a563985ab0b4dcdbe7b982849a38ebcbf112d624","85ba8be6e8f7c1bd6d31863a72f72827f73a846022f45f7ff86e7e9c19eb36ee","lenta","https://lenta.ru/news/2023/09/14/politic_sex/","lenta.ru","b46ceace8601b2308537a39f2fa330d16f297beafe35d4c199b7f7379e63cefc","2023-09-14 20:59:59+00:00","","","2026-10-07 01:09:56.877877+00:00","2026-10-07 01:09:56.877877+00:00","day","","retrieval_only","unknown","retrieval_only_current_snapshot","427cb6d0bd8b6fe98b5d759c06ada7b01cd59888bd94e6a8b4535613fd4fddae","https://lenta.ru/2023/09/15/","9b45bca83777eadf0bbe9b15568aa2aedda52d3a5738e253e0780b2ce9ea7d4f","24b3414199f23d6a137dcf2eada2fe304dfd68ca03eed77b9a7b972e95c4e9b9","other","other","unknown","True"
"d5f2107c38b678896e2d6d63e05d34ab5d47878a2c8d267e6dcf1c175e680f2b","8a86fb70f557ed8ced165969c516aab827ab268e638129bf7b282373b69467d3","lenta","https://lenta.ru/news/2023/09/14/russia_otvet/","lenta.ru","97a876d0a660f07fe982f0a0ea77eb6fa81ac039a07959707bee9bbc9ded4285","2023-09-14 20:59:59+00:00","","","2026-10-07 01:09:56.877877+00:00","2026-10-07 01:09:56.877877+00:00","day","","retrieval_only","unknown","retrieval_only_current_snapshot","427cb6d0bd8b6fe98b5d759c06ada7b01cd59888bd94e6a8b4535613fd4fddae","https://lenta.ru/2023/09/15/","5047911a28e6061c9aa2bc168668606157fdbaa315de12444473c8989c306588","9d8f2fede81c1e895f6c8709ccd58cc69ca8eba2ad480f3e274d94b2dcb0d892","other","other","unknown","True"
"4a11d6b8f576073497b083a16a5f323b5641e0e4c323e93aef2b7533264716c5","63401746bbd6ff268985db57e8cdf18c14adf6eec3aaa2c0c5bbfc762d6559f7","lenta","https://lenta.ru/news/2023/10/14/v-pentagone-rasskazali/","lenta.ru","b96484cd5459367ced39d0e99c0cc1522d564adc818dc96ac09d4f428ebada64","2023-10-14 20:59:59+00:00","","","2026-10-07 01:10:01.778109+00:00","2026-10-07 01:10:01.778109+00:00","day","","retrieval_only","unknown","retrieval_only_current_snapshot","0859e1fbded4afa4065e216e0f3c94aa5f4922aa1afb6cdd723cb1f28481a3a0","https://lenta.ru/2023/10/15/","40155557d008b3e9b742fd3577f786aacf78c60ae7948c1443b7ea8121987746","5f29749c264639c1df5ac605b68f5ae655c43e1f2037e27fcd6d2e2a44654ee6","regulation","other","unknown","True"
"88c3dd26a2b0d2317282213a7f1eada662248aceccd9a6ad58e6eb71f1e15b72","f5d24e2174750eaebb055585724a96468e8d0b0f6a2cddd50f003d3aba7824fe","lenta","https://lenta.ru/news/2023/10/15/boyle_moneyless/","lenta.ru","651e030a168c1d005f617e2f48a8a009a013e0cd10ae5de27845ca435c4493e9","2023-10-15 20:59:59+00:00","","","2026-10-07 01:10:01.778109+00:00","2026-10-07 01:10:01.778109+00:00","day","","retrieval_only","unknown","retrieval_only_current_snapshot","0859e1fbded4afa4065e216e0f3c94aa5f4922aa1afb6cdd723cb1f28481a3a0","https://lenta.ru/2023/10/15/","4270223342b710a0bdfb2adc97234921be61462f96e3df7f96edd4732d42edac","1e79ba0b60dee42cf43c6aaeeea3ed5d825fcd812865e8ca25cb28474399abcc","business_activity","other","unknown","True"
"d3fdc7e6486f64af5214effe649e4df74ad1369de5ba4485ffc2b71c3006050e","47c19e546a779c5f51c7d6de53b361100e572eda40e2b7d3cc45443f90ef84f3","lenta","https://lenta.ru/news/2023/10/15/9p132/","lenta.ru","25a8c875bc7b7ba5b91f7d2c714488d36476d707167c18860110241b2c348a44","2023-10-15 20:59:59+00:00","","","2026-10-07 01:10:01.778109+00:00","2026-10-07 01:10:01.778109+00:00","day","","retrieval_only","unknown","retrieval_only_current_snapshot","0859e1fbded4afa4065e216e0f3c94aa5f4922aa1afb6cdd723cb1f28481a3a0","https://lenta.ru/2023/10/15/","2ff7f9904851a569d877b38beb4fa0466fe0d9aa2b15f0a9088b4ed26f75953f","069e7cb06d83397cc10fc9e38177420f2697bc4ee262c4928e35a46b403f8393","other","other","unknown","True"
"f53a355bb69e4be34ec7684f7e02a6544885834adaee59f4c59bbd8dd4c96bd9","b4ed233ee7c4af7ca8ef2480811b2bfca65fdfbb5d57bd285ff56a13847959a7","lenta","https://lenta.ru/news/2023/11/14/stalo-izvestno-o-planah-uefa-priglasit-al-nasr-ronaldu-v-ligu-chempionov/","lenta.ru","2ecc07788cf2eb6848001158451f77b0428af41b858f5fdca70a200ea294e2e4","2023-11-14 20:59:59+00:00","","","2026-10-07 01:10:06.738987+00:00","2026-10-07 01:10:06.738987+00:00","day","","retrieval_only","unknown","retrieval_only_current_snapshot","ccb93d894be306ac82e2bc2dc49e0c63bdeba4cf1a5bfd4731403763b28d78f0","https://lenta.ru/2023/11/15/","1cfef0422146e09eeff187eb428392193225a907ec8d4fbb1ba40494d5156b68","cd6c5b04cc630041c6fc1f975cd12b2d68a6a2dec51fff17b30584ce06b3dbdc","other","other","unknown","True"
"00e8cb448f87180da844eb04d9a81d7e3369f935fd2d88bd347a1c952e284a7d","10e0c819ac7b15f221ea036b288af6615eb9e8000d5188b4fbbfae933f000ceb","lenta","https://lenta.ru/news/2023/11/15/corner/","lenta.ru","978d7109fdd926cad998018e92703dad4301e710ddf3ee7cf07fa875cd6ba2f7","2023-11-15 20:59:59+00:00","","","2026-10-07 01:10:06.738987+00:00","2026-10-07 01:10:06.738987+00:00","day","","retrieval_only","unknown","retrieval_only_current_snapshot","ccb93d894be306ac82e2bc2dc49e0c63bdeba4cf1a5bfd4731403763b28d78f0","https://lenta.ru/2023/11/15/","b0099f7abbbf6416bdc4c30a56f8b9d038bc8021436146b48ea31d492cc5f8e6","905c904403bcd2d4431b838c468ba3ece7900248a03d9d56f3130062bd1009b8","other","other","unknown","True"
"645371aa1753dfe150e7a4f209340bab2e75685a36ddf4582a4938d269c1f24b","9c6df70762eb845fdec02a53f3c7b649710c5a1e7a207b80988f62956f670f97","lenta","https://lenta.ru/news/2023/11/15/borrel-otsenil-vozmozhnost-evrosoyuza-pomoch-ukraine-v-obhod-blokirovki-vengrii/","lenta.ru","799bce2ee39044cfc8f955d7a9fd3a97c8353894d0d04c2f3fdb190853c4633c","2023-11-15 20:59:59+00:00","","","2026-10-07 01:10:06.738987+00:00","2026-10-07 01:10:06.738987+00:00","day","","retrieval_only","unknown","retrieval_only_current_snapshot","ccb93d894be306ac82e2bc2dc49e0c63bdeba4cf1a5bfd4731403763b28d78f0","https://lenta.ru/2023/11/15/","d6d6b5c84f3899675cba3fb4ae512caeb297dd25db906cc1afdca232be1cfd7c","0c4d97f318d774eabfa9e4cb4b1b11b6c2c8ae7400b12d515e7637bb43f381fe","other","other","unknown","True"
"53ee4a7a9c8f9bae83fdfa3a0e9e7dc61ddac93c75d20b341aacbdb12492762e","cf30e76122bac49df0d77858438b9f78c0931b74cc5e2f0213f3695db3fb55c4","lenta","https://lenta.ru/news/2023/12/14/dania_/","lenta.ru","3b0e7f640d81c9bd3c99e9f3c93c991ed262bdd7f4bec2fb6dd829d3a79f599c","2023-12-14 20:59:59+00:00","","","2026-10-07 01:10:11.690003+00:00","2026-10-07 01:10:11.690003+00:00","day","","retrieval_only","unknown","retrieval_only_current_snapshot","ad5845f5f0c0f663e22dfad620e066322e47f946bcc1c779b0e8b19efa57d3cf","https://lenta.ru/2023/12/15/","92339d66b29f0b6b3f24acc57396fa76a42dd526a48acef3d7b762af0a63be18","de978c167ef0ef02534fe5bdbb5d557fd71862e2c6a5c791e630e0a8424d6c9f","other","other","unknown","True"
"80e0787256889c9f176cf2f9bfd74c012a367b96c4ec2646cdb9637f50388973","5b35ae429fc77d3d6e245a89d5434864df5357cd1af54570d48b0a218b81741f","lenta","https://lenta.ru/news/2023/12/14/opredelilis-vse-uchastniki-pley-off-ligi-evropy/","lenta.ru","0d08ffd26fdedef3d04e79316b38748f6c840eac024b7ba85a6e7cb827a1ce73","2023-12-14 20:59:59+00:00","","","2026-10-07 01:10:11.690003+00:00","2026-10-07 01:10:11.690003+00:00","day","","retrieval_only","unknown","retrieval_only_current_snapshot","ad5845f5f0c0f663e22dfad620e066322e47f946bcc1c779b0e8b19efa57d3cf","https://lenta.ru/2023/12/15/","599a101e782220d092f1a8071f8fb1de60f2e23d8f686a8184ddb7173c62da04","6521078fab3ff69129c44fe879035a2d3e77aebd942cc3ee3bf720c51766cea4","other","other","unknown","True"
"7e09e99ca3f48e40bf5e0dd436f379231f1cd93d7e96c0f401d9b16afd04d737","88012557e4411f8dae9836fa72f6ed2e6dc6b5bc60e20bfc50980fffe20f1c5e","lenta","https://lenta.ru/news/2023/12/15/against/","lenta.ru","d60a683def9427116138bd2cef0fc4b221abb26e6c670a7e5319d59be8e1ef84","2023-12-15 20:59:59+00:00","","","2026-10-07 01:10:11.690003+00:00","2026-10-07 01:10:11.690003+00:00","day","","retrieval_only","unknown","retrieval_only_current_snapshot","ad5845f5f0c0f663e22dfad620e066322e47f946bcc1c779b0e8b19efa57d3cf","https://lenta.ru/2023/12/15/","e9721b82bc62a22534613082888879cb9b6e8c265ebd25e4ad3730be141aa610","9d536bb61e939c4baeb3329865df35d472ddf8b4d26b57384d644c9f3a13ff3e","other","other","unknown","True"
"23852d37468650a06fcf6895cd2bcf9a2d99c2a6ce8a26332f5f01b8b5b9ced8","45cc2f2d4f49cee1c517622d0faf7e6e6a27c13e48f9aab260299449277298cf","lenta","https://lenta.ru/news/2024/01/14/umer-akter-iz-elok/","lenta.ru","3e11b3516066ffc6bc5c955ca0575ce04a7ade3608b70ed3a6def23da76e9091","2024-01-14 20:59:59+00:00","","","2026-10-07 01:10:16.519686+00:00","2026-10-07 01:10:16.519686+00:00","day","","retrieval_only","unknown","retrieval_only_current_snapshot","055fd21f7963b839d7e19e04f39726d0de4fda4c1b8316cda3d3a755f901ada7","https://lenta.ru/2024/01/15/","db832abfc20adeefb515a031620e0d6d32d8030a63c5020ced817beb87317f4f","3567c25d0986959fbbb12d62146cf1be3def2275689521d19858a7e10e1e9528","other","other","unknown","True"
"4a0b5d81a703cc7d8bd2943a6db1d23226fd749850f4af89aa3504f66a17f1e6","1789b3c323d7507e52d2a073ad7441506a2bae44009e53e4c49ca585f2df5281","lenta","https://lenta.ru/news/2024/01/14/na-ukraine-otkazhutsya-ot-otsrochki-po-gruppam-invalidnosti-v-ramkah-mobilizatsii/","lenta.ru","a742d739b16f0c5469aa4daeab28b6c8ac1af4c2462c1de5d0cb79d60c5fd241","2024-01-14 20:59:59+00:00","","","2026-10-07 01:10:16.519686+00:00","2026-10-07 01:10:16.519686+00:00","day","","retrieval_only","unknown","retrieval_only_current_snapshot","055fd21f7963b839d7e19e04f39726d0de4fda4c1b8316cda3d3a755f901ada7","https://lenta.ru/2024/01/15/","bcc1d7e96c8f2ca7cd436bceebadd9fba4a82440c763b9690577ed35d220dbd1","46317f7fdfabcb4ecd822704137cc08267093c0bb64fc333e6df5600c29f93e1","other","other","unknown","True"
"79bb712e4a8feac49aee91abd48365c37106cfebf14a26a3160a00ad79d0a9eb","bd9ca5ae50ce283749ad5682db7fce2d7c3703ad477a71f8208a2d5d553acbb6","lenta","https://lenta.ru/news/2024/01/14/arrest/","lenta.ru","963f729e19d7a5df23872bc4f1bd990fe38cfcb349a301d08a0e332e9a27f1ef","2024-01-14 20:59:59+00:00","","","2026-10-07 01:10:16.519686+00:00","2026-10-07 01:10:16.519686+00:00","day","","retrieval_only","unknown","retrieval_only_current_snapshot","055fd21f7963b839d7e19e04f39726d0de4fda4c1b8316cda3d3a755f901ada7","https://lenta.ru/2024/01/15/","34d5923269becec7910176397059b3d5ab647c14d5487b071be7843f66bda6bb","75740371eb493ce91ee33c0aeed56f8e70fe700295481ff9ebd2b05722bd83dd","other","other","unknown","True"
"5f712c554a5c9faba21f4ffc74a5e79f1219fdccc86e870d2fb3ef5a446b238b","7efca8847c75ab378a57e92581fba75faae244f026f2c9ce84c55d08468b715e","lenta","https://lenta.ru/news/2024/02/14/putin-rasskazal-o-razgovore-s-karlsonom-za-kadrom/","lenta.ru","7ab64231560b356b247d1bad1ad68db67106808d924a4331def1203b11654deb","2024-02-14 20:59:59+00:00","","","2026-10-07 01:10:21.533880+00:00","2026-10-07 01:10:21.533880+00:00","day","","retrieval_only","unknown","retrieval_only_current_snapshot","cc2a0c5b9df82517b6354ab6e71804722f15e8d22e17d53209836ff690044b88","https://lenta.ru/2024/02/15/","11f67a42290ce92baef3c381b86fef344acef5eb75e894e9728460c867b7eba3","fed1dfedb296f093e2656033f858bd3195780c350752315a85cae687e2ce0131","other","other","unknown","True"
"71b5022113e7bafd8703f85b6f3d86076b22a1411fb860b70d49357f7e46f7c1","6aa985e8a9d153f7d92529b1c83cd58f662661d04d8605bf1c588bed9e2e252b","lenta","https://lenta.ru/news/2024/02/14/best-choice/","lenta.ru","c75f70319d4a3baab9b9ceed8fe0e5da932d785dc0493ca9303b000c6e4b88b5","2024-02-14 20:59:59+00:00","","","2026-10-07 01:10:21.533880+00:00","2026-10-07 01:10:21.533880+00:00","day","","retrieval_only","unknown","retrieval_only_current_snapshot","cc2a0c5b9df82517b6354ab6e71804722f15e8d22e17d53209836ff690044b88","https://lenta.ru/2024/02/15/","6b36dce592fa572dfab0965e1ec9d262b8ef839dfa19ce307e21a0e1463e455f","d23e971a07f024050ea619523c60659b04ffe2ab4688c3d85e2999718414644d","other","other","unknown","True"
"e3cbeb2f486543c900eac053c25134826301fa6630433c2dbbc928be1f682c37","6d5a1abe2c20da0d3b8e5750c8096eae49b33d294dc1ff061850cfd3b0d97699","lenta","https://lenta.ru/news/2024/02/15/annalena/","lenta.ru","6ad8baed84906ed4054f65a51f44169c2943d50d857cc4d5276cfa8823709cf3","2024-02-15 20:59:59+00:00","","","2026-10-07 01:10:21.533880+00:00","2026-10-07 01:10:21.533880+00:00","day","","retrieval_only","unknown","retrieval_only_current_snapshot","cc2a0c5b9df82517b6354ab6e71804722f15e8d22e17d53209836ff690044b88","https://lenta.ru/2024/02/15/","ee7b4f9e970271724fb15b8529b727ddefa0ce9ce380a8fce48208bcb15a04fc","a0c2e900a0cbf0c87f2da01a235db81d62789ee3e28ff88cad6c7d1e81e0d6d7","other","other","unknown","True"
"55551f3b7025147e6e90daef047ed76f113e1d7a3fad9fc9643466c94203c4b7","9389d6e72675739759f8ff5da1f461fee19e0735f0c4e8fd001df5a29cc18849","lenta","https://lenta.ru/news/2024/03/14/v-pentagone-priznali-nekriditosposobnost-ukrainy/","lenta.ru","d9295d8a53a32db41d4ea41cab1fa8d7fab6b7a3c3dfc940d9434c0515c490b1","2024-03-14 20:59:59+00:00","","","2026-10-07 01:10:26.480176+00:00","2026-10-07 01:10:26.480176+00:00","day","","retrieval_only","unknown","retrieval_only_current_snapshot","b76afa2f0fa847d6f8bdc811622b1c346798fe764ececd153ff7b3d8e02c9251","https://lenta.ru/2024/03/15/","cd55d12b187c57a80536bc6795f3a204c1646d0c857e40a7af53c581e000b6d0","11efa44c803b3977c8e3524c997520799d1b539883f4af9e2b2ca58d95aa4e43","other","other","unknown","True"
"5b42686501a8defbd5bab7ad13015a0263e83fcc167aa7826d1e57b936c3d06d","9de41bd2bccca2eba1316971935405d8da9975b794ce77e2f49725ba05b7c4ab","lenta","https://lenta.ru/news/2024/03/14/vysokopostavlennyy-amerikanskiy-politik-prizval-izbavitsya-ot-netanyahu/","lenta.ru","719a362e0a314f80a307aef35d8c6249c3041ee3f4abbda968f6c7636c168051","2024-03-14 20:59:59+00:00","","","2026-10-07 01:10:26.480176+00:00","2026-10-07 01:10:26.480176+00:00","day","","retrieval_only","unknown","retrieval_only_current_snapshot","b76afa2f0fa847d6f8bdc811622b1c346798fe764ececd153ff7b3d8e02c9251","https://lenta.ru/2024/03/15/","9a53e30b2f86d8d8005dffd82e1eb71a37fcfa0c5c11e7e3c7593f01d36f8598","a604e12fb6d71702ed8f629db388d6f6ab4a09c04d854958b31ca606870da2b9","other","other","unknown","True"
"c7075c679ef7d5f733709252b0ff643e7bd2b370568a20c261b6ffd6eaaa3261","2949ea53ed428e2e0cb2fa0e7bb4142828f678591e5dbc52355ff427bf54487e","lenta","https://lenta.ru/news/2024/03/14/vo-frantsii-sozdadut-sobstvennyy-reestr-inoagentov/","lenta.ru","b05c648f79b94515c4ff56760822cc4e6deaf38493f3083dfddd333c9ea0615e","2024-03-14 20:59:59+00:00","","","2026-10-07 01:10:26.480176+00:00","2026-10-07 01:10:26.480176+00:00","day","","retrieval_only","unknown","retrieval_only_current_snapshot","b76afa2f0fa847d6f8bdc811622b1c346798fe764ececd153ff7b3d8e02c9251","https://lenta.ru/2024/03/15/","bbe99341cfdb2109bfe3de13ebc2135ebb8b22c5e96c20acf4b76a9b133708f5","c7f17169a4bc2c6a9a1b37dc2ae152767e4a085aa8b14889e18746f0c69aa512","other","other","unknown","True"
"c902262278044b50732c3e0118fda0767474262168760e97d3211ba16e11e1db","f3a94cbe6fae485f64c85e94cc68de9827a207313ae20ad83b481a59c4fb641d","lenta","https://lenta.ru/news/2024/04/14/pentagon-zayavil-o-gotovnosti-ssha-zaschischat-izrail/","lenta.ru","cbb8a8659d723fbc6b06d2b0dab7419efd14a2218f7c89eeaec2e4831c996f13","2024-04-14 20:59:59+00:00","","","2026-10-07 01:10:31.438415+00:00","2026-10-07 01:10:31.438415+00:00","day","","retrieval_only","unknown","retrieval_only_current_snapshot","15d32a6b1681bf2f7c6326c296e0b8f165452d466d9e2c8a0ca7d4c4d322a8e5","https://lenta.ru/2024/04/15/","859450afefb87bd0fe13b99175eab8ca5e2456e5d7b57bacbea0c4c795bcf0e5","1fe5609373535f8625d83fa7da6a043c9eb9ec31a1a04e3c7454466e0ffb30f7","other","announcement","unknown","True"
"ad5789698eef1c98d49d719df0a0e9d95fbc33da578a58a51033fd45e3b2a4cc","0df6162573b6d576362cc1dab1dc37d7c9ca98a3a8d62d0c27ef37096fe3e311","lenta","https://lenta.ru/news/2024/04/15/bayden-obsudil-s-liderami-kongressa-ssha-ataku-irana-na-izrail/","lenta.ru","403661cdcb646f89cd6148acb768636c86332a00607d240a5bc58a82cfc0952b","2024-04-15 20:59:59+00:00","","","2026-10-07 01:10:31.438415+00:00","2026-10-07 01:10:31.438415+00:00","day","","retrieval_only","unknown","retrieval_only_current_snapshot","15d32a6b1681bf2f7c6326c296e0b8f165452d466d9e2c8a0ca7d4c4d322a8e5","https://lenta.ru/2024/04/15/","7404cfcd4768f6caf94923fad8754a4764f1afa63b116e369d9782401e900d0c","772a9125b8d948d24d908ac0a67947a826f226a609b340d310b778f0f6f79b2d","other","other","unknown","True"
"f46a041de50d310f680c3fef0c08a83d1e4f47226ba756b40a76785db2fea85d","5189291126087a1013ab85899599c79f10371a698f7232c3b707bb41da0f95e4","lenta","https://lenta.ru/news/2024/04/15/boets-vsu-predupredil-o-planah-rossii-okruzhit-rabotino/","lenta.ru","773f4e577809415a43adc7a5e24ba2a31888a80c8e4470a2f276cac97212e6cd","2024-04-15 20:59:59+00:00","","","2026-10-07 01:10:31.438415+00:00","2026-10-07 01:10:31.438415+00:00","day","","retrieval_only","unknown","retrieval_only_current_snapshot","15d32a6b1681bf2f7c6326c296e0b8f165452d466d9e2c8a0ca7d4c4d322a8e5","https://lenta.ru/2024/04/15/","34c2d2eb1269e511d3bb7c2d5c524ddc86443990edcc1effc80d0af9e4122890","4457da09f9b551de62e52ce7b22d265e29354ef64a4fecd581ac5e39a101338e","other","other","unknown","True"
"7445f0c8b08cbd5b52b95658bd288f5732d52cb8ae59ef1b8497773a784d59a8","308c871b63d34ca2ccde63f841e8355db3a0e32f15808d80f6ca0e090493a4a2","lenta","https://lenta.ru/news/2024/05/15/byvshiy-shef-povar-perenes-20-operatsiy-i-zanyalsya-prostitutsiey/","lenta.ru","dcf779677fede89fe34f3642f5b099313e3add9000191a7dde5edc99a00ae0af","2024-05-15 20:59:59+00:00","","","2026-10-07 01:10:36.457089+00:00","2026-10-07 01:10:36.457089+00:00","day","","retrieval_only","unknown","retrieval_only_current_snapshot","5bd118742468b35d137757b38ec0dc00310fabe7385d3e998538724e4262806e","https://lenta.ru/2024/05/15/","93a2af98285344009f65d0c2ed61fbfe454f7618d959ac8cf460df92a85752f3","f6e495d6736120708b9b11232cc8fb9f9384a36e6a0374b64eb09d25c4d49e57","other","other","unknown","True"
"931d161856ba47f33b16db47b1a41641e9ffe2939680507db1e55e2efddb3eaa","67f765630df929b2dbc7c036809b6cf93303b742e3c40b72a44bd9adf61514bd","lenta","https://lenta.ru/news/2024/05/15/bespilotnik-atakoval-dvizhuschiysya-avtomobil-v-rossiyskom-regione/","lenta.ru","c7ffb5a9e9cb4d2033ddc98223af71b47b9bbc5374c306ca6f2d08265714852f","2024-05-15 20:59:59+00:00","","","2026-10-07 01:10:36.457089+00:00","2026-10-07 01:10:36.457089+00:00","day","","retrieval_only","unknown","retrieval_only_current_snapshot","5bd118742468b35d137757b38ec0dc00310fabe7385d3e998538724e4262806e","https://lenta.ru/2024/05/15/","af9a3f1bfb4bc622e035761ac186b2ff2eaf02c2ec2c03f3608185570e0afcca","395205f6f31738401456fcec8d04059d42a949c4bfaa13e4ee72a98325be4899","other","other","unknown","True"
"9b4b3358093e2d36e67f3cd4a4a7c440e2c2cf24fb8ead27a1b402f738981918","8d4922069128410347a53f862b4f09fb4c01d56d5707af074ee68a0fab099885","lenta","https://lenta.ru/news/2024/05/15/blinkena-raskritikovali-za-kontsert-posredi-myasorubki/","lenta.ru","d03a489d83c48e97411e1800dd189a85a3d36e674ce73fd2d14b53cc1cd7bcf2","2024-05-15 20:59:59+00:00","","","2026-10-07 01:10:36.457089+00:00","2026-10-07 01:10:36.457089+00:00","day","","retrieval_only","unknown","retrieval_only_current_snapshot","5bd118742468b35d137757b38ec0dc00310fabe7385d3e998538724e4262806e","https://lenta.ru/2024/05/15/","157e14edc96fcade8023e37ca3924fd00d2feb201a0c3d3d355e9a4decb1b8d3","98539e8188a1ce1bf72d06478bb5ea01851d221901228ae0a7d79a6f5013ebd4","other","other","unknown","True"
"f6f58285d4043e87fa2679c3a931c4d957de6a0ca85596dfcf796f7c3aa0fdd3","17c9bf781b2b8bf02326742e5ea99d48f268efe0565480bf74deeee636aa6409","lenta","https://lenta.ru/news/2024/06/14/putin-predlozhil-sozdat-novuyu-sistemu-bezopasnosti-v-evrazii-chto-ona-predpolagaet/","lenta.ru","dab81ea1d2aaf74fdf3726a54a7502c3d7407a8daddddb348bee3a809f1cb0fe","2024-06-14 20:59:59+00:00","","","2026-10-07 01:10:41.481424+00:00","2026-10-07 01:10:41.481424+00:00","day","","retrieval_only","unknown","retrieval_only_current_snapshot","d10538699bb9359278568d1c65852cf6b592da67e2a63bc5d2cb7da8284c65b9","https://lenta.ru/2024/06/15/","dcbd8f5f7990c19645b346e3af4482b4bf84b06b33ce056011797df46759d2f2","c749882e46758b4a781752587b437b6292c83ff0beb0b40aaefee35850aa58ea","other","other","unknown","True"
"76aeb7aa645caa8b682b5eb7a220fa3bcfd317ae097f31ff64b37d8ddf3dec1c","bbdcd67363a13cb2e777bf314e689f49d467120379afd545a868344e6938a35d","lenta","https://lenta.ru/news/2024/06/15/antonov/","lenta.ru","b314226f20ef47c0a53877b6dd1b15ebd6c51f97a76aaa854f81bc3ca891f7c5","2024-06-15 20:59:59+00:00","","","2026-10-07 01:10:41.481424+00:00","2026-10-07 01:10:41.481424+00:00","day","","retrieval_only","unknown","retrieval_only_current_snapshot","d10538699bb9359278568d1c65852cf6b592da67e2a63bc5d2cb7da8284c65b9","https://lenta.ru/2024/06/15/","432a9cb9ed27393e2deedfcfd28bc68f695b07eb8900d5e02e5b01b33fde95fd","a323c0774694088a1aabc2f42f98acec69b03b7ad75e3234938f89f219b230ee","other","other","unknown","True"
"ffdeaf465c94aa3803a53881b95dc74692f45d557b5393bdd8637d6e760d0259","8ebc57bda6fe2c38bd61a09f41dcf883c57c1afe863d109275f1a88796744398","lenta","https://lenta.ru/news/2024/06/15/antonov-obvinil-zapad-v-narushenii-vseh-norm-prilichiya/","lenta.ru","e616e7237c0b72dfc2980c4f05bb5d0d32481ef7d7c3c8d4e269608fb3217aa1","2024-06-15 20:59:59+00:00","","","2026-10-07 01:10:41.481424+00:00","2026-10-07 01:10:41.481424+00:00","day","","retrieval_only","unknown","retrieval_only_current_snapshot","d10538699bb9359278568d1c65852cf6b592da67e2a63bc5d2cb7da8284c65b9","https://lenta.ru/2024/06/15/","2bc93a8d0e5cfcd2a615cf6ad6f6af707a3e16a633feb71d69e464f098f93583","106b375d30f020d9204d2bf830e4d7be59564d955e940fa13bfeaff954a8a722","other","other","unknown","True"
"3bc1a3b5f45218bf212c262b47d86bee2316366facc95e374b2600eb72336555","3f9ffcf304e20ef56a3ade95d83b44641c02726b59ef0915cfd12b699ff5867e","lenta","https://lenta.ru/news/2024/07/15/bpla/","lenta.ru","e07eff12dacad326010434cacdda6640bc137056c513369b8656b8213c181e13","2024-07-15 20:59:59+00:00","","","2026-10-07 01:10:46.961898+00:00","2026-10-07 01:10:46.961898+00:00","day","","retrieval_only","unknown","retrieval_only_current_snapshot","89d357e9cc020476e9ab0cf5f1f0ec85e50bce166934e3afeda082ead6202429","https://lenta.ru/2024/07/15/","8a71ad72092fa62c29e51ffdeba17d817015a5774703b942ff03d5d5e0946ba5","a6746efc1dad1e5ae27a3b70172a77aefc655b89423a0302441caaf3c4bb77c3","other","other","unknown","True"
"5b62ced83ec4d44551169cd38fd9d6e239a3b0501045984c0ea2d30e36c22a60","9af1822df222ca19015bdf2abfea1d8e285fa5f2838c7d67e2a62a419756c4d8","lenta","https://lenta.ru/news/2024/07/15/amerikanskiy-diplomat-predlozhil-nabrat-v-vsu-18-letnih/","lenta.ru","8a5d165a462fc21d7e9213cf42743bd9e7c41edfccc401af118eff2ea4fc6c34","2024-07-15 20:59:59+00:00","","","2026-10-07 01:10:46.961898+00:00","2026-10-07 01:10:46.961898+00:00","day","","retrieval_only","unknown","retrieval_only_current_snapshot","89d357e9cc020476e9ab0cf5f1f0ec85e50bce166934e3afeda082ead6202429","https://lenta.ru/2024/07/15/","118b1c2d12b86f8d1f1945e1224be892a80c726d4815731c733a4e3bdf644d97","d49b3df30aef86e6f27ad6c505c3d4dba449843a9f229014cf47ebecaa455aa2","other","other","unknown","True"
"edd6d887e52c2ce74a301548ce9cf572af11e46be04f012bf98e12a09454bf2c","9542d2df7b279b14659f56729641a6cbb59ca361bcea9ef656706e9450a8a35d","lenta","https://lenta.ru/news/2024/07/15/70-letnyaya-zhenschina-zakazala-muzhchinu-po-vyzovu-na-den-rozhdeniya-i-razocharovalas/","lenta.ru","2cab95dd93a29696a0350771053685bd6cd7f7616687dd3a153fce16ec898d85","2024-07-15 20:59:59+00:00","","","2026-10-07 01:10:46.961898+00:00","2026-10-07 01:10:46.961898+00:00","day","","retrieval_only","unknown","retrieval_only_current_snapshot","89d357e9cc020476e9ab0cf5f1f0ec85e50bce166934e3afeda082ead6202429","https://lenta.ru/2024/07/15/","8e451eb69fd294ca82f22dbbdd0a97519d19cbb26aa43261aa06435d01894097","b2c6ea0081b3f4b021bddedf748272dc3a21088da69635add3c75fb7022f9c28","other","other","unknown","True"
"75b56552099a71d293ac9ac5673f429875311425e9011d0e52afc3cbbb03ade8","c20238b031887ac1efcd7a0189c456169e424e5fb57ddb5df96d2b191ffb4669","lenta","https://lenta.ru/news/2024/08/14/vlasti-kurskoy-oblasti-ob-yavili-ob-evakuatsii-vsego-glushkovskogo-rayona/","lenta.ru","7663ad2400469e38bd8ce24346c994f2650568257a4fafdcd8c1b880cc415601","2024-08-14 20:59:59+00:00","","","2026-10-07 01:10:52.379378+00:00","2026-10-07 01:10:52.379378+00:00","day","","retrieval_only","unknown","retrieval_only_current_snapshot","5ed1f87c6bc38646b2d08316493e288a718b47fdf20297163dcb2b938a56c6a9","https://lenta.ru/2024/08/15/","fcc4f26c5a7d590f57e7a276ffef13be492df5f095ab4dfce77a94bfc6833b92","0268451df4c04122f1fc140fd1b54a37f45498332215696199cd5cce2e3df4bc","other","other","unknown","True"
"768b73b00818e313379d4fa1aba17958be56ab1ba428005fa885935fa3994c93","93560130ff9455bf8aac949a179766b0b3bf441467382741f834bb3eeda55180","lenta","https://lenta.ru/news/2024/08/14/v-finlyandii-soobschili-o-peregovorah-o-prodazhe-prinadlezhaschey-rotenbergu-i-timchenko-areny/","lenta.ru","040716ede1e2b260fb3b8a723a5bfe7c217a4096cb33cd2177d42f2fb53f2ab2","2024-08-14 20:59:59+00:00","","","2026-10-07 01:10:52.379378+00:00","2026-10-07 01:10:52.379378+00:00","day","","retrieval_only","unknown","retrieval_only_current_snapshot","5ed1f87c6bc38646b2d08316493e288a718b47fdf20297163dcb2b938a56c6a9","https://lenta.ru/2024/08/15/","bf73616dfe1054e4d15c4b9d6f87365ec3356170b07f6eb16813d2e231bb3f80","060a9c3c425ab8be897cfb0450892ed6e651b6a44de29ee37aad7967f87bd43e","other","announcement","unknown","True"
"0386f87e9ac8dbc8016ebee0de9af579d5b7b6030c9bd525f4b2afe9c686f93c","d84019ae2476ef25dd0eb8376bfff1ee7cb13d5e8abde79265c1e1a1aff68cb1","lenta","https://lenta.ru/news/2024/08/15/41-letnyaya-rossiyskaya-aktrisa-pohvastalas-figuroy-v-bikini/","lenta.ru","0335149406286f7dc9a97c66c3d89396c0a353bc46ac2ef82a29057b2bfaf1f3","2024-08-15 20:59:59+00:00","","","2026-10-07 01:10:52.379378+00:00","2026-10-07 01:10:52.379378+00:00","day","","retrieval_only","unknown","retrieval_only_current_snapshot","5ed1f87c6bc38646b2d08316493e288a718b47fdf20297163dcb2b938a56c6a9","https://lenta.ru/2024/08/15/","55b43f726eb1ebfa59a5a6b6aec833fb401a4a2cca1fe136862a2002a7846e93","85924ffd3f6d534ebaf584b58f476ab8b6c322cff352ef81f9e8f1a10854adc6","other","other","unknown","True"
"2d2db0c4bf3a8661bf39306a6d31abbc91e4029dc066a534924f1c89c9c877ce","f5bd7b701343646fdd828205e34e53259e0c4ee0b5a4000fb915766a2d930aa0","lenta","https://lenta.ru/news/2024/09/14/bayden-zahotel-sosredotochitsya-na-podderzhke-ukrainy/","lenta.ru","3148ad8b97847a964fb9af2033fd96c3878742f4dcd5a084e6d76affd70edb41","2024-09-14 20:59:59+00:00","","","2026-10-07 01:10:57.555690+00:00","2026-10-07 01:10:57.555690+00:00","day","","retrieval_only","unknown","retrieval_only_current_snapshot","19516d360398fda0d364c951be577658a3fb17f965a7b3987a0f44ecb9a3c249","https://lenta.ru/2024/09/15/","487fbb7e333a00a41a0ed9eb2eb2ca709ece5726dec73fb5e4e903f6e4d32af7","ab7ac6dfaaa7a69a765a4de2462a02b81faa545239604e475e83882f63c95081","other","support","positive","True"
"83b430475fa50e144325ee40f9dfed66b478a6080dcdc093db826a907a5c0579","63ef9afb2f908c25187c07f6b44f6dff23563aec18996e7c991936f83f4d8b5f","lenta","https://lenta.ru/news/2024/09/14/v-rossii-zapretili-prodazhu-odezhdy-bez-markirovki/","lenta.ru","dc6c904cad87ab2d87b5fa4f42b2f74dab4b3ab7d219cfe603b9b287a8ab7499","2024-09-14 20:59:59+00:00","","","2026-10-07 01:10:57.555690+00:00","2026-10-07 01:10:57.555690+00:00","day","","retrieval_only","unknown","retrieval_only_current_snapshot","19516d360398fda0d364c951be577658a3fb17f965a7b3987a0f44ecb9a3c249","https://lenta.ru/2024/09/15/","d4f2b25f7691458355197da013a89886fd528fda9539f3c7541b0b6ed459df00","3dbff30aaad81dd4d5fdaa64f63d9753507bf884bca010b85a828d3b33c4dc98","regulation","restriction","negative","True"
"777db33737224f8d96d94e5be6c1b29c1b18928f6e1c385840ea7c8a5eff0271","1a9146eabb0c7657dd86c1e2c32a34cecabf80beaac2e7f9b7a348e9dedaf55a","lenta","https://lenta.ru/news/2024/09/15/alaudinov-raskryl-poluchennuyu-ot-plennyh-soldat-vsu-sekretnuyu-informatsiyu/","lenta.ru","08868d4ab85d43b4d86cda27e9a7d17912c1bd35e6f7539d29a332f7855912b9","2024-09-15 20:59:59+00:00","","","2026-10-07 01:10:57.555690+00:00","2026-10-07 01:10:57.555690+00:00","day","","retrieval_only","unknown","retrieval_only_current_snapshot","19516d360398fda0d364c951be577658a3fb17f965a7b3987a0f44ecb9a3c249","https://lenta.ru/2024/09/15/","9c4018e39d1ff25ba8c53612750f57d04278e0bf8ae25e1c4fa5587f6822db04","7a72103bb1ae92fd20913fb0be50f4b73c85a09c542cd9be96551a65208c4d42","other","other","unknown","True"
"0c02d069926cc2abfc0a4cbeaf181e55f0ebbc298ae06b0c6629645288e0eff5","b1f46dc8916a523ec4a99c869c1d615d26ca0628719c4056c1148165c91a2703","lenta","https://lenta.ru/news/2024/10/14/moldavskogo-biznesmena-obvinili-v-vyvode-desyatkov-milliardov-rubley-iz-rossii/","lenta.ru","64e3e9ef30a547302731f04ffd43addac4cc5d0d7634e5ffea6e8935bb6f742e","2024-10-14 20:59:59+00:00","","","2026-10-07 01:11:02.640381+00:00","2026-10-07 01:11:02.640381+00:00","day","","retrieval_only","unknown","retrieval_only_current_snapshot","6f19b8ec09a3e8179b699eb6994aea40d2862377d85d2b893c2fb00cfdc06497","https://lenta.ru/2024/10/15/","b6f5ba29dca575e2897f010582fa3470bef3b7ac9286cd2932f0937fb690cf3c","537503d0939fc723b33d5b469222157798c8b1acc7b6d2c8b65a107f407e52cd","business_activity","other","unknown","True"
"34a9c855f39df954b3245d2c3761d57d52b34b6c1ec6a765e0126fcb7c74b05c","7bea76caa003e9d90fdbf002a514058ca517a97a16f47a036f13c51469ed346c","lenta","https://lenta.ru/news/2024/10/15/48-letnyaya-zvezda-klona-dzhovanna-antonelli-pokazala-otkrovennye-foto-s-otdyha/","lenta.ru","4a711a453be5527d59a856085dd6ef93510114187dbbf53cfc4aa40eaa85fc81","2024-10-15 20:59:59+00:00","","","2026-10-07 01:11:02.640381+00:00","2026-10-07 01:11:02.640381+00:00","day","","retrieval_only","unknown","retrieval_only_current_snapshot","6f19b8ec09a3e8179b699eb6994aea40d2862377d85d2b893c2fb00cfdc06497","https://lenta.ru/2024/10/15/","e10e08e437c78e7650c8de3bb1be3c8d25f9a64df758b1d6e4525bea134776a3","0b09777db166f6a6fedea8e464d9ee6db4564dbd51480246f0ef7fabb86e9ea1","other","opening","unknown","True"
"95e0c142e5b1c1274f1461d13484440d4748f5104e1d5716ef3dbaec5aa3a4c5","65c6e8387cb68ee65efd05d0f43432efa9aa9f004b1b5cb90dd39b945c01b2d3","lenta","https://lenta.ru/news/2024/10/15/eks-vokalist-tarakanov-zadolzhal-bolee-sotni-tysyach-rubley-nalogov/","lenta.ru","e3f837377d893cf56634aad32eb89f14192ce4463e091b230d3552adb4ecd750","2024-10-15 20:59:59+00:00","","","2026-10-07 01:11:02.640381+00:00","2026-10-07 01:11:02.640381+00:00","day","","retrieval_only","unknown","retrieval_only_current_snapshot","6f19b8ec09a3e8179b699eb6994aea40d2862377d85d2b893c2fb00cfdc06497","https://lenta.ru/2024/10/15/","7d0b0ef07ba1eb5e8230a9a942224736832a65d80df7be9aef844a4e12fbd839","92bcfc888f5affcb784d334bac9a545731cfb59fccda415a56f300a13e7e25a5","regulation","other","unknown","True"
"0a6054420ada6efb4b9fc6e490ad9449d39bb729a57484d501dd8f1a76c8f0af","088548cd2a0f64c7aaaa79cda056ccadf433a9d5929336bf6428fefadb273b64","lenta","https://lenta.ru/news/2024/11/14/na-zapade-obvinili-zelenskogo-v-ispolzovanii-slabostey-ssha-v-svoih-interesah/","lenta.ru","b3e79ea29df7fc243fc3966f2d6dc5891353659a3b56020b248a60779c0bd6f4","2024-11-14 20:59:59+00:00","","","2026-10-07 01:11:08.540202+00:00","2026-10-07 01:11:08.540202+00:00","day","","retrieval_only","unknown","retrieval_only_current_snapshot","ce3c208e4d8be296c5b6e7e5426d2a87a89ca46ef0589836d90f5430c5b7c16e","https://lenta.ru/2024/11/15/","a243443567c99ef536123e6c5fbd82db94ace42aca800eb4ddd8d89c40c2dc33","03eec870d93a42912f3b61206af53abebeadec2c2bc64e2df1d62aa1a3cee14d","other","other","unknown","True"
"4a0200f0f96666e609643747d7d0ed1a5688ac3df3fc41cd2e0a272a88243c4e","59c980b5c3a23598865fa1b6518041b0720d1793503d033cb4c9d4dbd2bddf7a","lenta","https://lenta.ru/news/2024/11/14/stoimost-obligatsiy-ukrainy-vyrosla-na-fone-pobedy-trampa-na-vyborah-v-ssha/","lenta.ru","c1b68af617008de6c82d27586da1a02d88316d6a763e93eab46fb453dc7ae51d","2024-11-14 20:59:59+00:00","","","2026-10-07 01:11:08.540202+00:00","2026-10-07 01:11:08.540202+00:00","day","","retrieval_only","unknown","retrieval_only_current_snapshot","ce3c208e4d8be296c5b6e7e5426d2a87a89ca46ef0589836d90f5430c5b7c16e","https://lenta.ru/2024/11/15/","9767798f6bacb8bf1cd3c5a72d83609d2dfce0a85bc6d74e279fb150effd3728","24cc17680e5fc91e313e3dd4e94490a6a70bea8a82f694e2275d91b0a863f444","other","increase","unknown","True"
"a026ae4a1f20e5b27d4491c5fc6678862543e35390ddff49117d37da7a6d28c9","3a18fc9dcd1c56ce737039a9a100a04b3117ba389c466c9bd251251f0e552846","lenta","https://lenta.ru/news/2024/11/14/polskiy-voennyy-zayavil-o-nesposobnosti-amerikanskoy-bazy-zaschitit-nato-ot-vozmozhnoy-ataki/","lenta.ru","717681fc3340b7d74b7cccc7966dfa48f87f6e4ddccba8bf6153125a6dbe67c0","2024-11-14 20:59:59+00:00","","","2026-10-07 01:11:08.540202+00:00","2026-10-07 01:11:08.540202+00:00","day","","retrieval_only","unknown","retrieval_only_current_snapshot","ce3c208e4d8be296c5b6e7e5426d2a87a89ca46ef0589836d90f5430c5b7c16e","https://lenta.ru/2024/11/15/","5923130deff80241fae4656b5b28b738bdc05a172d6123b5e8f3ba7408f776d4","2da15ceed5486d1e12916d5c53b7c2fd46a20559eafb04a7b26c7686723f8ee0","other","announcement","unknown","True"
"065a6f145527a347ff0c4c1ee4affd8690c3d6a1d0d01fad7ea199f646ff8fea","313761ada890a150366b084cd9509960dee838d1f7fbbdb0d5cdd1645ae1bb0b","lenta","https://lenta.ru/news/2024/12/15/bransk/","lenta.ru","e2087e9cd97f05e88424a388054f20d0039491b32bebadb864d83e4eb634be84","2024-12-15 20:59:59+00:00","","","2026-10-07 01:11:14.902060+00:00","2026-10-07 01:11:14.902060+00:00","day","","retrieval_only","unknown","retrieval_only_current_snapshot","509d65c05697ce7035f7a00102ec5b13ed553484a0f01064d89898dc9f658e23","https://lenta.ru/2024/12/15/","09d952c2907d82316cc84b7e7661ebc8a4108ab362bdaeab6ae9da65d4cc88c9","a05fa7d897a95a4b2bcfacbcf7d67acb768fc6c6b93cfcb4481fc7a8368a0181","other","other","unknown","True"
"695e6ca6fd32002d4bd68d2f672e5b99139195edb886d3881efe4f03a52dde55","c6ae82b0be3dab643678ec692e53e64bd490151330567151c91e5391e6b9c30b","lenta","https://lenta.ru/news/2024/12/15/amerikanskiy-telekanal-vyplatit-trampu-15-millionov-dollarov/","lenta.ru","95a43d4bc7cd33ba4eef810a5d734f1073d0cc54071290534975aad50bc0802c","2024-12-15 20:59:59+00:00","","","2026-10-07 01:11:14.902060+00:00","2026-10-07 01:11:14.902060+00:00","day","","retrieval_only","unknown","retrieval_only_current_snapshot","509d65c05697ce7035f7a00102ec5b13ed553484a0f01064d89898dc9f658e23","https://lenta.ru/2024/12/15/","b6cb3010723f4f754ba4e2f40ef39974344561a71c1f4fcd4ff2fafd5548c65f","bb396613b1097c3d338df2238b65b61725bb43c2f15911569b52fd8795e5cfeb","other","other","unknown","True"
"e22d34fb7e214b4ad06658e098d79d1b3bd3f17cbc39619cb613159262783df2","b7f12306e753b329e4a351d69f86515bd464a7c3706a45075fbd086aa600bfed","lenta","https://lenta.ru/news/2024/12/15/amerikanskiy-spetsnaz-zanyal-byvshie-rossiyskie-bazy-v-sirii/","lenta.ru","382876bba94e6cf04f46fb1c99b9c361a458b5ddc0d6cd00180b4eeb878ed765","2024-12-15 20:59:59+00:00","","","2026-10-07 01:11:14.902060+00:00","2026-10-07 01:11:14.902060+00:00","day","","retrieval_only","unknown","retrieval_only_current_snapshot","509d65c05697ce7035f7a00102ec5b13ed553484a0f01064d89898dc9f658e23","https://lenta.ru/2024/12/15/","f27cd42cfe73d6e00560087b01ce983d94b1475cee4a5a65b79901955e973279","5f1b411cc40cf87243030371868387c8f3378ba3b257760236856fd4c6bcf916","other","other","unknown","True"
"9d6ac6371340d739a9011f0b69b7725b3e28910be213d90373e4bbd3211a3746","9d2b836aabeb3058035278f05196ada9cc6a5687c0b43726ed11fc261f5fb565","lenta","https://lenta.ru/news/2023/01/14/brak/","lenta.ru","1165ff857a72d7dcbbd28a694d1e98fd0615ce77e6ab44a92024d05eacba1eef","2023-01-14 22:02:00+00:00","","2023-01-14 22:07:10+00:00","2026-10-07 01:11:19.947889+00:00","2026-10-07 01:11:19.947889+00:00","timestamp","","retrieval_only","updated_current","retrieval_only_current_snapshot","99cda366dac85f408cf3d1dbc0fd4b4fd5d9f638a059b4c6c2236540ac37eb3f","https://lenta.ru/news/2023/01/14/brak/","66307318592de1265687f72bc61dfc209a2a77db888b63e91bdc53d59c77af6a","8c887151945a8bb821d0463e085cc9cfff63b1c6893eabe0c7faf0f4c5671e7e","other","other","unknown","False"
"2dc236abb28fcdc618123ea15342a17892c813a449d2abd7bff8d6dd40645ee5","56f91ccf05a2c448f7f74d7da6edc0004e9d5f14b348c446e5916d938246797a","lenta","https://lenta.ru/news/2023/01/14/church/","lenta.ru","3d14c6b330e350481d5387f1a48d87ebf7be2af6e68c3cd26daeae09c0a5faf4","2023-01-14 21:18:06+00:00","","2023-01-14 21:18:06+00:00","2026-10-07 01:11:24.690873+00:00","2026-10-07 01:11:24.690873+00:00","timestamp","","retrieval_only","unknown","retrieval_only_current_snapshot","3f20f81e631d956bc1bb9184db2d48f27528c7e5a90d9689489ba5a79106f5ef","https://lenta.ru/news/2023/01/14/church/","c60d29b71b55e25bbcf4273fbd50132514dbf7123fc6769d08f0f325e6c440cf","0286ee339969ebb02c5d8a19f8aeba961544ecd316a20bbe3661a3767a628bc4","other","increase","unknown","False"
"9669ad0c1085f65e939454cfa40b86451b0bf7e214562f3463c515c239d7f8b0","575b4a560e94b815883697edff87de610d02d0f8f4baa10b8bbb95519359e401","lenta","https://lenta.ru/news/2023/01/14/luk/","lenta.ru","9426c94c93cb2b9ed63214cfaf9f3fed1f3c3cb1791b91aac6155434bb81cde4","2023-01-14 21:05:20+00:00","","2023-01-14 21:05:20+00:00","2026-10-07 01:11:29.899728+00:00","2026-10-07 01:11:29.899728+00:00","timestamp","","retrieval_only","unknown","retrieval_only_current_snapshot","05918ee351375e62d9979c9d69737446f1c8ad176e0e9d9da41b051778d64f3b","https://lenta.ru/news/2023/01/14/luk/","62e06eba0b6e92f23088ac4fcef8ae5452224bce496c23438290c019a72c7a32","5af4ef33f0a8d64be82d6563acb351359174b48b4d7c367bb3fd14e00a21e3cc","retail_consumption","announcement","negative","False"
"c59203ececc0473ad4824dbc80d627db06c114ca38b30efa76ac87abeff3c5b6","6c5ce79e6ec7cbe968a9b0d0d756c2a386002e96dab61e69c0e06306aa77adb7","lenta","https://lenta.ru/news/2023/02/14/refusal/","lenta.ru","15b27f89806eb347362790c83899dfd5bbdaabae34b9f8ac4693ec23838fe2e8","2023-02-14 21:09:00+00:00","","2023-02-14 21:27:14+00:00","2026-10-07 01:11:35.151468+00:00","2026-10-07 01:11:35.151468+00:00","timestamp","","retrieval_only","updated_current","retrieval_only_current_snapshot","d4bc649d1ecd37f5cdf9620861e890cee427066e157ecd77f13acf552474f948","https://lenta.ru/news/2023/02/14/refusal/","9c4a03797d3421fa95bc80ba5ee9e1ba525d582f7227e3f8f02151fa86608736","2af898c58403c2ec6bc02dad0bfc390d3c6a5a5c62d539d7aeb2d4ffc7256599","other","support","positive","False"
"c2bff52b379d7182a70206013829c8acc6638068772af73c94fcda8e63a0c8bb","237af816fa6a007c8a8c2d8868244514d8b82b44fdcb89af39d0004ac98e2c0e","lenta","https://lenta.ru/news/2023/02/15/13yo_pregnant/","lenta.ru","fda8e5afad1cab3cbba7f101f601f9bc97cd7f1c5e119b6690ca577d36dc71e6","2023-02-14 23:28:59+00:00","","2023-02-14 23:28:59+00:00","2026-10-07 01:11:40.184286+00:00","2026-10-07 01:11:40.184286+00:00","timestamp","","retrieval_only","unknown","retrieval_only_current_snapshot","017c936b506876a0facc1dc726314de81756ccbd28e2d7425044c718a15bad77","https://lenta.ru/news/2023/02/15/13yo_pregnant/","5e90a283523b08849df3b0410228d77470054e5bb2ca59b459841cd482c90385","8fde610ecf110a0418c6dae1712b8eb2b9e5ccba6604718d3834a1445f6eaf17","other","other","unknown","False"
"8da808e47f293387b6413bccbc104aaabde116ff873ea06cbdb118577d15bdaa","886577ab869368f2e685a6802bc8c4f55b768fe84e17e66af267049e8ad85eaf","lenta","https://lenta.ru/news/2023/02/15/38khloe/","lenta.ru","e9324a105c707a05f6177168c3ae8e497c9d36e7eb6c00075512a76001fb1375","2023-02-14 22:00:00+00:00","","2023-02-15 06:16:31+00:00","2026-10-07 01:11:45.128023+00:00","2026-10-07 01:11:45.128023+00:00","timestamp","","retrieval_only","updated_current","retrieval_only_current_snapshot","09fd425a5d46522cc460c4fefbfb10c024a30a060057f931439663097cf525fa","https://lenta.ru/news/2023/02/15/38khloe/","75668e144c2695a1560c0c6980cba63ef48854b34e9fa2ce339832f5de364b95","209140a62e33baf81134ebaeed0f52e9df2aaded7432fd9d9eafb0c119b19545","other","opening","unknown","False"
"1a2fd97e859f7026ce2be3b6d4b6d12dbc9ef05ba76402dcc9548eb57666a9ee","47497e651f0af2cc2a81ae0717e41cd40dbd1980e8aabb94baf557e1413b2cdc","lenta","https://lenta.ru/news/2023/03/14/appleee/","lenta.ru","1b8cc722692310f0910d3c748d5db07b24bca4c4aa1a1cc4344e21e7eb3f46c7","2023-03-14 21:00:00+00:00","","2023-03-14 21:04:36+00:00","2026-10-07 01:11:50.173330+00:00","2026-10-07 01:11:50.173330+00:00","timestamp","","retrieval_only","updated_current","retrieval_only_current_snapshot","249967de278a1ebc922d698edb6385321770dee094f5b7e4c1dd294721067898","https://lenta.ru/news/2023/03/14/appleee/","4d0568f9c51b4cd9efeab613973a01c8d54078e569f15f8980117b64d9a79710","69b8c655e1a7af28438422866116b17dab38d7509a6d8e6d8be5a415df5af353","other","announcement","unknown","False"
"61c20407894976232f60af81a6a6ba8ea4d61727d90201c48c47538d9a73fe58","057b347d03b4e1a1a5ea83b3b9db3c85c0ffae659d96f5e82f3506e4745c3ed6","lenta","https://lenta.ru/news/2023/03/14/jkl/","lenta.ru","e91a6e88fab2fd77aba259ee8e84d2ca648fba88ea75cb5dd06e8bb3e6446b84","2023-03-14 21:03:00+00:00","","2023-03-14 21:29:11+00:00","2026-10-07 01:11:55.659061+00:00","2026-10-07 01:11:55.659061+00:00","timestamp","","retrieval_only","updated_current","retrieval_only_current_snapshot","23d03fa533b595e66e3fa9585341337c92fb91f7363c481f33da67a5ea30b319","https://lenta.ru/news/2023/03/14/jkl/","b25f84f9f171a5ff086af27575c30c4e5b22c8bff6b44fc05ed146e16ca93078","4a94781f3c524937b6eaec34e411a03c57651bf9721465854417d64905de8dbf","other","other","unknown","False"
"d33dc887e539a1584634dbb2de21aad9c6e10dbd189f4136727eaa5481cd2a9c","9a87056269373fbb78ce4baf92242fb0e007a314fee960125594e8e0f8591801","lenta","https://lenta.ru/news/2023/03/14/safe_sex/","lenta.ru","1aca6a946ae7ad914253971b9bdfe2e82d6a6340f9789227c93ba7f0ebf6433e","2023-03-15 00:43:26+00:00","","2023-03-15 00:43:26+00:00","2026-10-07 01:12:00.581490+00:00","2026-10-07 01:12:00.581490+00:00","timestamp","","retrieval_only","unknown","retrieval_only_current_snapshot","845244ea478b69ccdac2ab8233cd9ab2d03542b7d12888215eeb8bfb697e2527","https://lenta.ru/news/2023/03/14/safe_sex/","a395c3b6afe9a15cae70b83d3b92919e9ecb0807f77568fda1259642d3b530c2","936fcffc7b566e9633caced80e3355bc969c4a848687dae677ae7e970ad037ae","other","other","unknown","False"
"4b5abcdd2280fbb01971fed35faa462531e0fae5aa3679ea66554a2a6d9fb1e0","82f9c744f4114eae9815348c5696f7e6d8b0372d0e92cafb9e99cf1fc703e5ee","lenta","https://lenta.ru/news/2023/04/15/amazon/","lenta.ru","8faba92a78ca427f58dd5eb9516ff10d11ba4c374ae7476ae6c6d928e5ef047b","2023-04-14 21:53:56+00:00","","2023-04-14 21:53:56+00:00","2026-10-07 01:12:05.290354+00:00","2026-10-07 01:12:05.290354+00:00","timestamp","","retrieval_only","unknown","retrieval_only_current_snapshot","73047263d4b3f4325c30ddad61f9981662d3b980e923c31e15a65305513eaba2","https://lenta.ru/news/2023/04/15/amazon/","03ecc2b4a5a7f0bb8df9ac286f9f0ef9e7afac26a63ba66eb27f1875a793361f","1f5c155caeb799de4dc4510ff4bc7001f1293855b0717e07bf484a9e80f1c2ec","regulation","announcement","unknown","False"
"4a491b104fbd10b7b93aeddcaf0eaffab00cdd1c26af2e36775d41bb0a9bd4be","1f7168459dbf6d36510a205fafe802bdbdeb3d58aa19789bb7f739316942b3dc","lenta","https://lenta.ru/news/2023/04/15/antikrisis/","lenta.ru","f4256308b1c3f2a548e516f8f3a147504bc787c583f3cf658c844bb8f2a4775a","2023-04-14 22:34:00+00:00","","2023-04-14 23:12:28+00:00","2026-10-07 01:12:10.159816+00:00","2026-10-07 01:12:10.159816+00:00","timestamp","","retrieval_only","updated_current","retrieval_only_current_snapshot","64c6afc12e73060a57ca845166c8d55db21fec8a55ff1449f05dfdf7096be1fa","https://lenta.ru/news/2023/04/15/antikrisis/","ee3fd3e466724adeb1bd1505acc9ffbf8ae645db7ee16a907e86d06e6a43f545","ecc448cc7c36b08c299f234990e97f867f2893dd55baf30a4143cebc8680cd48","other","support","positive","False"
"1329d29c0d6d640c60cf9daf9f7dc78441aad5cf20e580114584cf4557cdc535","b950b8eaa4c6f0152352b4e3dda5a63e21b2882022ce797818a3f1190b14ae88","lenta","https://lenta.ru/news/2023/04/15/besporadok/","lenta.ru","e4f69c5f8a4ec4bbe0195209a13fcc2fb8de09008ab9bcccb0ab943a9c06ba1d","2023-04-14 22:15:00+00:00","","2023-04-14 22:21:00+00:00","2026-10-07 01:12:15.188693+00:00","2026-10-07 01:12:15.188693+00:00","timestamp","","retrieval_only","updated_current","retrieval_only_current_snapshot","b66cd9fed48efcdf94ef47671829df2a57a7c82ef01087a77ae55c7ba884d4cc","https://lenta.ru/news/2023/04/15/besporadok/","2351e73020a7c0c29f10a820cfa18ce512162a2227f9f55a4ebed1b56ccef6fb","9ea8c93dba8c4d0467de263f221864ca853797094ad0a1d1d49ee12c314f56a3","income_wages","accident","unknown","False"
"8d6fc7e0083aa9130030eb663ccd32519768ab68eb0b902ce931372822c81692","e3d954b6b54f54008d1c44a841628d82059a6e61beac7614c88e8dc9ab12d85e","lenta","https://lenta.ru/news/2023/05/15/autopilot/","lenta.ru","cbd8457e129be667a35ab6c328854c93818c9ed23f5f52180467f69785164979","2023-05-14 21:30:15+00:00","","2023-05-14 21:30:16+00:00","2026-10-07 01:12:20.060866+00:00","2026-10-07 01:12:20.060866+00:00","timestamp","","retrieval_only","updated_current","retrieval_only_current_snapshot","6160d6499eb339d3d74a6c71b6161a09dd16f3ccaac9d1e14c973c44b6ade785","https://lenta.ru/news/2023/05/15/autopilot/","9753aded43921af12919679a1013983ae5581f6c4dfdd04fbbfab38ed7367ef8","14820307c18f2c1856e0591c209a05ec4627ad22146511af1a80eead4469d042","transport_infrastructure","other","unknown","False"
"b4d764a2cfc453fc5e8db42032881afc04a2d9f04b65b4029eef8993870ea071","7a6142064267e00a304829e9fa58d46973c8bd5ec1cdf23985097c1e444fe5cb","lenta","https://lenta.ru/news/2023/05/15/baidenturciya/","lenta.ru","5204b7f8b00e2cb4798174552c0eda1355a0e3f94edf3a5fb4ca89114f2b6174","2023-05-14 22:55:53+00:00","","2023-05-14 22:56:23+00:00","2026-10-07 01:12:25.283920+00:00","2026-10-07 01:12:25.283920+00:00","timestamp","","retrieval_only","updated_current","retrieval_only_current_snapshot","a310a11fca935054abcbb6268ac4c584dfacb972d210081710f8431261802773","https://lenta.ru/news/2023/05/15/baidenturciya/","ac5c86a1687a66a936ae803f076710959d89ea7537c5bf104d3fab6493d8e407","2a6bc944ca67f493da506c37e039975c6c1b8587dbe00426cafdb6a51eb8e2c1","other","other","unknown","False"
"50890637f143c416184ba1e1283160939df0428b96cee6b5362d99dfbd863e88","9d7ba5286fc1227b9889e75816c8a4ebe2b71642d7cc06d7148a8c0155d57602","lenta","https://lenta.ru/news/2023/05/15/barca/","lenta.ru","8f17da8dfdfcb9225bffe79208cdc17bf0462f10d07fdc6c563ad0b118b49c68","2023-05-14 21:39:00+00:00","","2023-05-14 21:47:56+00:00","2026-10-07 01:12:29.980643+00:00","2026-10-07 01:12:29.980643+00:00","timestamp","","retrieval_only","updated_current","retrieval_only_current_snapshot","d8141b8771a3521795e38318a88a9ec1d6c92b6ed2c37dac07937ce7f04bf199","https://lenta.ru/news/2023/05/15/barca/","3bcc8d64b0e598ba9390b5d8c94c7de38d4bed421594c283447e7eb8da6d6cfd","48cedd250c50f01e01f1504f5c7bf3cf65098e0a4e12bf18eaf8fc685039562a","other","other","unknown","False"
"bcace82cfb37fd9ee3325e7e0c20594de5018b5bfa0e7966515acf360aaa851c","3304ac0775c9e50cbed6097140cd992c67f2c6da07473653ebbdd358d1118e45","lenta","https://lenta.ru/news/2023/06/15/abrams/","lenta.ru","23883056ee4916b2290c4301440bb9c085245c02692904726ed0f19f8c278c7c","2023-06-14 21:54:13+00:00","","2023-06-14 21:54:13+00:00","2026-10-07 01:12:34.696097+00:00","2026-10-07 01:12:34.696097+00:00","timestamp","","retrieval_only","unknown","retrieval_only_current_snapshot","6eb609263e085279e60733a9d178b4021a0b92b610001b465cf105ceedcade1e","https://lenta.ru/news/2023/06/15/abrams/","ca1df1969593d652ff5b3da40b58e403493c72bb7ac22fb3b123f5085780ddf4","0b53b76342b31e512aa5017153afa8b63d848b4ceededf9fed784aa6eaa1540f","regulation","announcement","unknown","False"
"af3dddb0b140d7728262269af29455bdfa171aabc10fa9edd89d07d7315e43b1","b79b1f20ee6683f579caf21686b6bdf0807309652ef4970b4406dc2944b48e52","lenta","https://lenta.ru/news/2023/06/15/besopasnost/","lenta.ru","b83a1d803dd879bb1ff1cac4df82417fcc5489e8b6c42935932d4826b3a0d7ca","2023-06-14 21:49:41+00:00","","2023-06-14 21:49:41+00:00","2026-10-07 01:12:39.334884+00:00","2026-10-07 01:12:39.334884+00:00","timestamp","","retrieval_only","unknown","retrieval_only_current_snapshot","5c43ad5fc07fe859a2bbbf523a124cc393b66a90c25858fe403a2085a225d7a2","https://lenta.ru/news/2023/06/15/besopasnost/","9567602b1e3073879288c385e77fbacfd756cd08cbf59ffce7e7e685526b0532","714bc1336cf7dbfe9518c34d9bcdfc028441e6ba22530732b95fa38bc3db3c85","other","announcement","unknown","False"
"a9c69e28e091fa262469995041ded0ffbfd6557b86d681c8e1a053139787eceb","0091921bb92692265fbfeb6156035af57ec642079512d6a5410603e8ebcfad50","lenta","https://lenta.ru/news/2023/06/15/blinken_/","lenta.ru","4ac22400bbd09a859934a81e3e36fe3ad11a5c6cf51f485a1124943133712a4d","2023-06-14 22:15:35+00:00","","2023-06-14 22:15:35+00:00","2026-10-07 01:12:44.326473+00:00","2026-10-07 01:12:44.326473+00:00","timestamp","","retrieval_only","unknown","retrieval_only_current_snapshot","6b411b820537675971aeb2148596ef22dfb7d05370ee039a597b56c74f7dd439","https://lenta.ru/news/2023/06/15/blinken_/","7fcc25017884918e9ecb194c244f481f76cdecd442f2e3554d3c6effa14424bf","9410002222906ebcc9a4dd85f87a21c240433053ab0474ae2009befca7b9b9e5","other","announcement","unknown","False"
"090dba00df26b4308203ee7ef89035f792e743febb031a374b0ca1309172ea62","abdb6f953be1f8956abb4870fbf57d37c014fd88a69338aabd6a665db8145f4b","lenta","https://lenta.ru/news/2023/07/14/sanksi_/","lenta.ru","efebb4de192f0e8df093d3d19b79dacb1e8ff2111b2dbd0f3daaa0361d2a8b06","2023-07-14 21:14:31+00:00","","2023-07-14 21:14:31+00:00","2026-10-07 01:12:49.209542+00:00","2026-10-07 01:12:49.209542+00:00","timestamp","","retrieval_only","unknown","retrieval_only_current_snapshot","c2cd444d09062f16d2e38bc344a0412c58e82e00ce0a1dd835162af4d038885d","https://lenta.ru/news/2023/07/14/sanksi_/","0c5c459aa30e750c0a5b0691ba710d25c9e12abac017460986b0c95ef349e128","54b11dffb2a82405f5b28ffc377eaea34efcb790a60622349480f5230452fdc0","sanctions_external","shortage","negative","False"
"73292ce2142db5de8d474680e90aa552604989aa24c0178bcefd0aa98f1efb3a","d03ba129433607bbce5a076c2a0a613866e4e46ee3e9432a6eb6cdb689d31807","lenta","https://lenta.ru/news/2023/07/15/crish/","lenta.ru","f9b6f890a64c6f9944e5d0f229ac0f954fd351412aa5d2268ff10eb9d0033248","2023-07-14 21:21:16+00:00","","2023-07-14 21:21:16+00:00","2026-10-07 01:12:53.868524+00:00","2026-10-07 01:12:53.868524+00:00","timestamp","","retrieval_only","unknown","retrieval_only_current_snapshot","3290e65173266a238a340e8fe510dab228b205149b291063f0b3430bc78402e3","https://lenta.ru/news/2023/07/15/crish/","0b1086b73d67795a2fe62f5644910c5e3bd23551098484dbc8250d95064e66d9","5d8a8f8ed1b761729bf9b635f2a7fa24c54a767e54ba7f1d40039cb7f851af69","other","disruption","negative","False"
"72e5648275f57abaf96b1c2d6087665bd33b4b78e7395ab3e1e4e683bd62e326","2afb7c7b01039cf97f58c51857f0ae4fbd9704be93fbdf10e162ab5a8409c11f","lenta","https://lenta.ru/news/2023/07/15/every_day/","lenta.ru","c71f419e4995dab00bf1cabb27b238b97fa01cd4eb22c4810e0c258e9c904340","2023-07-14 22:47:00+00:00","","2023-07-14 22:52:34+00:00","2026-10-07 01:12:58.481895+00:00","2026-10-07 01:12:58.481895+00:00","timestamp","","retrieval_only","updated_current","retrieval_only_current_snapshot","ed083b57d58b414e06cb3efbaee298268ea518599a2ad66e941c8c7679c31029","https://lenta.ru/news/2023/07/15/every_day/","0ddf09af31c17cce5d7314ad1fd5bcb54c7f659998246dd19a8e2d7eaa377a76","7886c190584dd35800c696b2aa015a691949d4e53a5fb26085e6889ab1538ade","local_government","announcement","unknown","False"
"e27c6628ace65f3b6fa3aea7ab7d09d405475fde5db6cc42ada0794a0a45e3fd","097bb9bf9a7420004cf7195f8380290ebc2d728c8e3cf3b9d20d1e3048c52207","lenta","https://lenta.ru/news/2023/08/14/mark/","lenta.ru","d8842fa7b22a6233b752908813e62db2dcb91f208d85479ac1cdae36b891278d","2023-08-14 21:33:00+00:00","","2023-08-14 21:36:18+00:00","2026-10-07 01:13:03.367671+00:00","2026-10-07 01:13:03.367671+00:00","timestamp","","retrieval_only","updated_current","retrieval_only_current_snapshot","07c37b31f41325e2deaf75d16a9806eda5cc0b33513f3e258ea7e31a418a3eab","https://lenta.ru/news/2023/08/14/mark/","ca16eeaebe5530d0caef9e868feb711e88af586ca0f5345d81cd14f2d6579ac8","7bd0f445050c0a67995b7b97bb2460584a3a8d558475f85ff9379ca0611d1220","other","other","unknown","False"
"4b2b38fcd82a2bd10265a52f6d474c23b9d236dc4611f9f2e87317fd1f8f4428","da0eeb74f15d4997d1601750d5b92cf35237fbe6adf2139bf88f2455b49ddc6e","lenta","https://lenta.ru/news/2023/08/15/antonov/","lenta.ru","652045d1057d2eeb828032da2a956dda8687e52e2f6605637567bd0b93dbcbaf","2023-08-14 21:56:00+00:00","","2023-08-14 22:16:01+00:00","2026-10-07 01:13:08.565729+00:00","2026-10-07 01:13:08.565729+00:00","timestamp","","retrieval_only","updated_current","retrieval_only_current_snapshot","a58f45eb80a33be2a8e891305cc2fe11e7a2af9f26dac884e1f6b06c60c8e9fb","https://lenta.ru/news/2023/08/15/antonov/","6a29b49ab7d67b56375847f6a4c730c58308c85b1f7481dfc5a3e4dfb26ee56e","8de126cb6d34ca2107d9b5c7131afa04c11008d8f85879845f38e83c4cb11860","other","announcement","unknown","False"
"a70df5d15af7e5861d4c201dc835c1245c85d2ea5f4edc9b4859369a2fcbe0c8","8e48a4e3cba7c01ceb61832ae62dd4593325086869a26166f33e0382f7c1427c","lenta","https://lenta.ru/news/2023/08/15/cardamom/","lenta.ru","bafe368ec8e75a29842d2607c319bdfeb3687ef5be9bef525c9245e8a3bb5d47","2023-08-14 21:13:10+00:00","","2023-08-14 21:13:10+00:00","2026-10-07 01:13:13.425122+00:00","2026-10-07 01:13:13.425122+00:00","timestamp","","retrieval_only","unknown","retrieval_only_current_snapshot","c4b58c7e564f0218b00b779c75d327f7ca30c6490a7c642f3768e705cac6a958","https://lenta.ru/news/2023/08/15/cardamom/","98871af3abe0241b9918941320d3700674156de79171a33515d71be7856a7e7c","aa3cc55468ad227dc435f1f538154fb96300d7e0dd544c407bfe8f88788f2c5a","retail_consumption","increase","unknown","False"
"764ab262992e231edb6d8952a563985ab0b4dcdbe7b982849a38ebcbf112d624","3404cc397a67cf0e6fc840b8daa5c41b587707d4253c06edab13dea6aed128bc","lenta","https://lenta.ru/news/2023/09/14/politic_sex/","lenta.ru","b46ceace8601b2308537a39f2fa330d16f297beafe35d4c199b7f7379e63cefc","2023-09-14 23:00:45+00:00","","2023-09-14 23:00:45+00:00","2026-10-07 01:13:18.109564+00:00","2026-10-07 01:13:18.109564+00:00","timestamp","","retrieval_only","unknown","retrieval_only_current_snapshot","71bbe4f839bc492f9c5dbf976dcd4a4fa44c052661de12795b93a0e8f1f769ec","https://lenta.ru/news/2023/09/14/politic_sex/","43d292717df1457486c3c70110a2abbb03497929098df036b86a394ec123c4fa","11ce0c23bb1bbae682458acacf47058c37c3de5847ad6109c87e42216df8d580","other","other","unknown","False"
"d5f2107c38b678896e2d6d63e05d34ab5d47878a2c8d267e6dcf1c175e680f2b","17cc10d563b626a6ad5aa652b84035222dbcef6798fa65748e7a2d75345b9759","lenta","https://lenta.ru/news/2023/09/14/russia_otvet/","lenta.ru","97a876d0a660f07fe982f0a0ea77eb6fa81ac039a07959707bee9bbc9ded4285","2023-09-15 00:00:27+00:00","","2023-09-15 00:00:27+00:00","2026-10-07 01:13:22.867819+00:00","2026-10-07 01:13:22.867819+00:00","timestamp","","retrieval_only","unknown","retrieval_only_current_snapshot","0fa06dcf01f2350089f5831b3469ae3a3bc87672371f878bf06659adf4f31a2a","https://lenta.ru/news/2023/09/14/russia_otvet/","28fa1aa757bd823633c1873d9c2ae8528090caaa6fc9170a62997c63f843954a","14f74b5130a41f0a3eb304a62085d4ca971e32576ca68cc2020cd0d2e51c59ed","other","other","unknown","False"
"2ef69ab790236f435b00f7df9052813e09233d28991c20945504c665529f2240","7b3b1859204fb50e3dbbd6470c578e268d7f07cc476b1b8837d5778a5242adab","lenta","https://lenta.ru/news/2023/09/14/ukrbraz/","lenta.ru","9f912b46ed3f8cb98940bcbb6f060b065087757474bb29ce0cb27e3dfcc8be94","2023-09-14 21:43:00+00:00","","2023-09-15 05:56:08+00:00","2026-10-07 01:13:28.669595+00:00","2026-10-07 01:13:28.669595+00:00","timestamp","","retrieval_only","updated_current","retrieval_only_current_snapshot","84c6c893eece5264b156e5252ed834871f8009eeb82b2db964eaf367c96bde52","https://lenta.ru/news/2023/09/14/ukrbraz/","348f245792fc2a9359d2595f630289c9e3e4cc7b287f981760e22079af8e6446","76e6bd0bfefd91be1086e6ac516b12a31816af4be3e0f8507f8ce590373c02cc","other","other","unknown","False"
"4a11d6b8f576073497b083a16a5f323b5641e0e4c323e93aef2b7533264716c5","81bc3ea0762d22f6457605db0aaffc2cdfc3147d481beeff4d07c39d752b1d04","lenta","https://lenta.ru/news/2023/10/14/v-pentagone-rasskazali/","lenta.ru","b96484cd5459367ced39d0e99c0cc1522d564adc818dc96ac09d4f428ebada64","2023-10-14 21:34:00+00:00","","2023-10-15 05:55:53+00:00","2026-10-07 01:13:33.807402+00:00","2026-10-07 01:13:33.807402+00:00","timestamp","","retrieval_only","updated_current","retrieval_only_current_snapshot","ffd538a2af378b9800e849e83193ab80c0e43b290768f51d8ea3e4d9589bb0ad","https://lenta.ru/news/2023/10/14/v-pentagone-rasskazali/","4a5131f3fa0a79c7ce1833d5dd1020bb02d5dc1a3e22a0ab56fafb8a70db975e","391eb6290116c2bb6404533ca2d11dfe6c5d7731744e7fda86c6e8abe6b9fc53","regulation","announcement","unknown","False"
"d3fdc7e6486f64af5214effe649e4df74ad1369de5ba4485ffc2b71c3006050e","8d42fd552ef2240a404b8c351267a6ad06af13dc349cbfdfc8aa928e0b878b48","lenta","https://lenta.ru/news/2023/10/15/9p132/","lenta.ru","25a8c875bc7b7ba5b91f7d2c714488d36476d707167c18860110241b2c348a44","2023-10-14 21:10:53+00:00","","2023-10-14 21:10:53+00:00","2026-10-07 01:13:40.547099+00:00","2026-10-07 01:13:40.547099+00:00","timestamp","","retrieval_only","unknown","retrieval_only_current_snapshot","9d84a755437b7e7f06db0b29e51babae74edf0ec1aa72c5945f55c24ddead8a2","https://lenta.ru/news/2023/10/15/9p132/","e3e5aeb9af2669c5b7a616ad835119bf15f0b56e2a4661cff5bc53d41fdcb237","4fd0db546d3952d5b0330b04e14fcc13d9e2fa76971d35998faae5dfdad71e9c","other","other","unknown","False"
"88c3dd26a2b0d2317282213a7f1eada662248aceccd9a6ad58e6eb71f1e15b72","90e2263b82c955314b1fdde48739d2f34d5f188605730aecdef7469e56d71f09","lenta","https://lenta.ru/news/2023/10/15/boyle_moneyless/","lenta.ru","651e030a168c1d005f617e2f48a8a009a013e0cd10ae5de27845ca435c4493e9","2023-10-14 21:04:00+00:00","","2023-10-15 08:32:38+00:00","2026-10-07 01:13:46.053446+00:00","2026-10-07 01:13:46.053446+00:00","timestamp","","retrieval_only","updated_current","retrieval_only_current_snapshot","37f0aa5dc4e1685ff4ddb730601134c6fb0b178c59d989dcae48e676d21443c5","https://lenta.ru/news/2023/10/15/boyle_moneyless/","6748847fdd116f04db05cd6fc61d44f2bfddd4053049495a2222173b3a1e584f","8fc43e9517af3fbf00b8bcdf95e5e46c6c1e6cfe719b848d4975f12075c39cae","business_activity","other","unknown","False"
"f53a355bb69e4be34ec7684f7e02a6544885834adaee59f4c59bbd8dd4c96bd9","8715a7ddc86dfd3b38d8abda33ede0c4c0a19b993f6ad322fb5e48751b537e9a","lenta","https://lenta.ru/news/2023/11/14/stalo-izvestno-o-planah-uefa-priglasit-al-nasr-ronaldu-v-ligu-chempionov/","lenta.ru","2ecc07788cf2eb6848001158451f77b0428af41b858f5fdca70a200ea294e2e4","2023-11-14 21:01:00+00:00","","2023-11-14 21:39:53+00:00","2026-10-07 01:13:51.187087+00:00","2026-10-07 01:13:51.187087+00:00","timestamp","","retrieval_only","updated_current","retrieval_only_current_snapshot","867eea3eb7446cbaeaf3e16e36ca5e6c6c7a603c105460279a819a826b3201c7","https://lenta.ru/news/2023/11/14/stalo-izvestno-o-planah-uefa-priglasit-al-nasr-ronaldu-v-ligu-chempionov/","e5eca41786543623864e2022c35e8b2ba4ef653f72f3f770c60a1e79e628a1a9","9d268b45e322b21bda3587f9f64cf3525e9a4daf7de7b9ed2f83cb390700d280","other","decision","unknown","False"
"645371aa1753dfe150e7a4f209340bab2e75685a36ddf4582a4938d269c1f24b","99ade78a23d26764efb5fc81e14388196ab95c85b057f2615f4ceb51d2ce2129","lenta","https://lenta.ru/news/2023/11/15/borrel-otsenil-vozmozhnost-evrosoyuza-pomoch-ukraine-v-obhod-blokirovki-vengrii/","lenta.ru","799bce2ee39044cfc8f955d7a9fd3a97c8353894d0d04c2f3fdb190853c4633c","2023-11-14 23:25:06+00:00","","2023-11-14 23:25:06+00:00","2026-10-07 01:13:56.001826+00:00","2026-10-07 01:13:56.001826+00:00","timestamp","","retrieval_only","unknown","retrieval_only_current_snapshot","72d688e823d6d59b56946bc312f0364ba9b9260fc94e007b3109e1ed76985155","https://lenta.ru/news/2023/11/15/borrel-otsenil-vozmozhnost-evrosoyuza-pomoch-ukraine-v-obhod-blokirovki-vengrii/","6ba07181ffe5230c14cde6a9e4b43dc290069959e621b2d7e317ab52b27b10a7","040347b3098dd890f5df9a01f036da4d741e79f3246e4f31a2ea5a1478bda44f","other","other","unknown","False"
"00e8cb448f87180da844eb04d9a81d7e3369f935fd2d88bd347a1c952e284a7d","c3faf71945844ebcee9d91d51f7be0d569dfb22a49d8629810d05eeb6e3f63ca","lenta","https://lenta.ru/news/2023/11/15/corner/","lenta.ru","978d7109fdd926cad998018e92703dad4301e710ddf3ee7cf07fa875cd6ba2f7","2023-11-14 23:19:00+00:00","","2023-11-21 12:20:24+00:00","2026-10-07 01:14:02.023175+00:00","2026-10-07 01:14:02.023175+00:00","timestamp","","retrieval_only","updated_current","retrieval_only_current_snapshot","358854c584c0f6200fa90f24180f8c3c13e27c6e85c8224356a995a4bdcd2273","https://lenta.ru/news/2023/11/15/corner/","d6f8f63f69df5edbfdc85992eb51ae49f4773a96bc1b78df806210b5bd617347","e683106de38e6b717b373eb45b230be64449f047c85cf7622296e2fb73d86dbe","other","announcement","unknown","False"
"53ee4a7a9c8f9bae83fdfa3a0e9e7dc61ddac93c75d20b341aacbdb12492762e","90532ddab5c514fe4315b87f308937c0985517c7fd6be6dea4be8d2ffad2ac5e","lenta","https://lenta.ru/news/2023/12/14/dania_/","lenta.ru","3b0e7f640d81c9bd3c99e9f3c93c991ed262bdd7f4bec2fb6dd829d3a79f599c","2023-12-14 21:42:00+00:00","","2023-12-14 21:47:42+00:00","2026-10-07 01:14:06.805774+00:00","2026-10-07 01:14:06.805774+00:00","timestamp","","retrieval_only","updated_current","retrieval_only_current_snapshot","6bab7e943707a6e22e42a8d7a7a99179feb9aa0faecd38ec46d4928cb51ff52e","https://lenta.ru/news/2023/12/14/dania_/","7190a8a9aa58e593256e683fb1b5bf338eb2bcaa48932393ab515d892e5a7fb0","7871dad445082b31532049ccd7be17e501d1df9122c744d149ebbeede3a29d92","business_activity","other","unknown","False"
"80e0787256889c9f176cf2f9bfd74c012a367b96c4ec2646cdb9637f50388973","d83ba733e0cb839b4346a1f04932c97741bcf2505978c454238ecedbb9cbdff5","lenta","https://lenta.ru/news/2023/12/14/opredelilis-vse-uchastniki-pley-off-ligi-evropy/","lenta.ru","0d08ffd26fdedef3d04e79316b38748f6c840eac024b7ba85a6e7cb827a1ce73","2023-12-14 22:10:58+00:00","","2023-12-14 22:10:58+00:00","2026-10-07 01:14:12.094722+00:00","2026-10-07 01:14:12.094722+00:00","timestamp","","retrieval_only","unknown","retrieval_only_current_snapshot","16ac50185e23804bf767c8e920e6027aa0fc75b72ede2c31e999c4209cbd1b97","https://lenta.ru/news/2023/12/14/opredelilis-vse-uchastniki-pley-off-ligi-evropy/","3cd4952d3c686c7b2b5d281588944d62888e13901ff2addd27139b7bfe535137","4dcb9add080401e605dabcc38f5ffc98925549d45ab92041351b95a46e4fa3d8","other","other","unknown","False"
"7e09e99ca3f48e40bf5e0dd436f379231f1cd93d7e96c0f401d9b16afd04d737","f747e6c8093383d948e0f4d0f0fbbe97ec887fab686b8271be32666e5b07ef01","lenta","https://lenta.ru/news/2023/12/15/against/","lenta.ru","d60a683def9427116138bd2cef0fc4b221abb26e6c670a7e5319d59be8e1ef84","2023-12-15 00:10:00+00:00","","2023-12-15 00:20:30+00:00","2026-10-07 01:14:17.985295+00:00","2026-10-07 01:14:17.985295+00:00","timestamp","","retrieval_only","updated_current","retrieval_only_current_snapshot","91d114be9daab4b300865fd6021a4c82543b32f72a929d301cb2b9fb2f25c804","https://lenta.ru/news/2023/12/15/against/","042b9626e282f5c78e67802a0833fa25c25e76f835f4c137ba5d9f9a2fe4f194","5d89f59df63d6338990d51c8c29deb849772170264bc44fd3e8911b62b0abf8b","other","announcement","unknown","False"
"79bb712e4a8feac49aee91abd48365c37106cfebf14a26a3160a00ad79d0a9eb","116522fb8ac3f6f15c15cb82912c9f1f06a3dd95481fe7c9801399a70c3b7606","lenta","https://lenta.ru/news/2024/01/14/arrest/","lenta.ru","963f729e19d7a5df23872bc4f1bd990fe38cfcb349a301d08a0e332e9a27f1ef","2024-01-14 21:00:00+00:00","","2024-01-14 22:38:25+00:00","2026-10-07 01:14:23.079727+00:00","2026-10-07 01:14:23.079727+00:00","timestamp","","retrieval_only","updated_current","retrieval_only_current_snapshot","9f8e87bf7acb8368f597d2e78dc7ff0fcaedfdfe7bc89fd08ae96d3b3ab55788","https://lenta.ru/news/2024/01/14/arrest/","c1f32480abb848edde3f3b299ab7b24974e7b9df28467c78368f486e6b71f28c","46570840e25077077231256c00fe143a0180b064e23423d7a0d70355eab27c31","transport_infrastructure","other","unknown","False"
"4a0b5d81a703cc7d8bd2943a6db1d23226fd749850f4af89aa3504f66a17f1e6","68b7f7e7436d3066b473757edeaaa67f9a918171e435df0371203fddb43e0497","lenta","https://lenta.ru/news/2024/01/14/na-ukraine-otkazhutsya-ot-otsrochki-po-gruppam-invalidnosti-v-ramkah-mobilizatsii/","lenta.ru","a742d739b16f0c5469aa4daeab28b6c8ac1af4c2462c1de5d0cb79d60c5fd241","2024-01-14 21:17:00+00:00","","2024-01-14 21:45:06+00:00","2026-10-07 01:14:28.072943+00:00","2026-10-07 01:14:28.072943+00:00","timestamp","","retrieval_only","updated_current","retrieval_only_current_snapshot","f90ba737b0d840f3977f99ed38f8cbe4e351d4a6b2354644a49c879a2028eaf6","https://lenta.ru/news/2024/01/14/na-ukraine-otkazhutsya-ot-otsrochki-po-gruppam-invalidnosti-v-ramkah-mobilizatsii/","7363832b6bfa290f3d57e21eb92f2af5fd090c641ef17d9e31589a1d8082f8a7","445e5839bb6c3d5c794c404e04d702533900b501805745287db56337cf3b41f8","other","other","unknown","False"
"23852d37468650a06fcf6895cd2bcf9a2d99c2a6ce8a26332f5f01b8b5b9ced8","acad1b93e184a6375ea64b58b8697cc8d584f75c3ae93c0ae0c7e25ad0a148b8","lenta","https://lenta.ru/news/2024/01/14/umer-akter-iz-elok/","lenta.ru","3e11b3516066ffc6bc5c955ca0575ce04a7ade3608b70ed3a6def23da76e9091","2024-01-14 22:30:00+00:00","","2024-01-14 22:49:39+00:00","2026-10-07 01:14:33.613534+00:00","2026-10-07 01:14:33.613534+00:00","timestamp","","retrieval_only","updated_current","retrieval_only_current_snapshot","8b386d358ed288bd8851fbab7ee1e51ac5a452d7191dfecd130b4a457924b7b4","https://lenta.ru/news/2024/01/14/umer-akter-iz-elok/","77a6a53ce967d28350fa2c39742a4bf6272b7d87d888cea91ca905c65997215d","c8000d81fd93f7cf1d85ba4db87456ae9032a37d0bee093fbd97cde2517827a0","other","other","unknown","False"
"71b5022113e7bafd8703f85b6f3d86076b22a1411fb860b70d49357f7e46f7c1","a381b07bb4b4cabd7e6cb9b13f2bf6cacacd59b21d511f19abd7244082d512c0","lenta","https://lenta.ru/news/2024/02/14/best-choice/","lenta.ru","c75f70319d4a3baab9b9ceed8fe0e5da932d785dc0493ca9303b000c6e4b88b5","2024-02-14 21:01:00+00:00","","2024-02-15 04:20:32+00:00","2026-10-07 01:14:38.506546+00:00","2026-10-07 01:14:38.506546+00:00","timestamp","","retrieval_only","updated_current","retrieval_only_current_snapshot","469ec27390caa7f7a8faf4755b423ae07ce41eb50d9585f8f90968744a0444c2","https://lenta.ru/news/2024/02/14/best-choice/","808b54b678f931a7f83e4eaf63d7c02ead70988f2b01baed0858f203e6ffdb9d","30bc56e68b03d8091a261e50dc98fa88e82375562097a404622d1a9b3d1e78f4","other","announcement","unknown","False"
"5f712c554a5c9faba21f4ffc74a5e79f1219fdccc86e870d2fb3ef5a446b238b","deebbfc8d69300e0d00c8a869d9ceed2ddff2a62c79ada8eb923cc24bc20a035","lenta","https://lenta.ru/news/2024/02/14/putin-rasskazal-o-razgovore-s-karlsonom-za-kadrom/","lenta.ru","7ab64231560b356b247d1bad1ad68db67106808d924a4331def1203b11654deb","2024-02-14 21:22:00+00:00","","2024-02-26 12:47:27+00:00","2026-10-07 01:14:44.009294+00:00","2026-10-07 01:14:44.009294+00:00","timestamp","","retrieval_only","updated_current","retrieval_only_current_snapshot","bc8915204beaf17be5b435a920328a398b2370f336808df363019c0b15238834","https://lenta.ru/news/2024/02/14/putin-rasskazal-o-razgovore-s-karlsonom-za-kadrom/","93c9ce2d2abd002eb1e9319c6b4cd74ed0f7099545a9072f91df9b10639366ac","67f2532945a52bbef8b1f0aa161ddaee322f882de4ebb7bc2b0555095e3d156f","other","other","unknown","False"
"e3cbeb2f486543c900eac053c25134826301fa6630433c2dbbc928be1f682c37","74d94b38a47c654af6006e31c7a7dc330ab6451946e15f4bcdf4964144715b0a","lenta","https://lenta.ru/news/2024/02/15/annalena/","lenta.ru","6ad8baed84906ed4054f65a51f44169c2943d50d857cc4d5276cfa8823709cf3","2024-02-14 22:31:00+00:00","","2024-02-14 22:36:26+00:00","2026-10-07 01:14:48.944347+00:00","2026-10-07 01:14:48.944347+00:00","timestamp","","retrieval_only","updated_current","retrieval_only_current_snapshot","01a3374faca8e6518f4a81a3eaa4794240260032e960e7fe2b400ffdb89cdc1b","https://lenta.ru/news/2024/02/15/annalena/","846aa6118fd59433d36d80e46ea913e6f6ba16149e702a38ff7ae9aa2848ff58","b88406e27c72421936fa0e540c0a588feae6daa4d22df9fc3fade9256590133c","other","other","unknown","False"
"55551f3b7025147e6e90daef047ed76f113e1d7a3fad9fc9643466c94203c4b7","9a15a7684d9b5e31a77aa62d5fa985ef64da571f8a3275cdd4aaef4bc11d956c","lenta","https://lenta.ru/news/2024/03/14/v-pentagone-priznali-nekriditosposobnost-ukrainy/","lenta.ru","d9295d8a53a32db41d4ea41cab1fa8d7fab6b7a3c3dfc940d9434c0515c490b1","2024-03-14 21:18:00+00:00","","2024-03-15 05:41:16+00:00","2026-10-07 01:14:54.014296+00:00","2026-10-07 01:14:54.014296+00:00","timestamp","","retrieval_only","updated_current","retrieval_only_current_snapshot","4d103c0511154cc4b7601920229dcb509b6510ec14f7778eb9d274c037f7a353","https://lenta.ru/news/2024/03/14/v-pentagone-priznali-nekriditosposobnost-ukrainy/","87173d7f981b62513ef881419b28531ac2d65566bbb20b4c928fd941a6f4473a","a37493a176865f5ffb08a62eec50f23e25a0d373d2b2be6c1566e26af04bbd7f","other","announcement","unknown","False"
"c7075c679ef7d5f733709252b0ff643e7bd2b370568a20c261b6ffd6eaaa3261","12ed8344a062df28c85543974ac8d53df705b746896f4e7548e33e31e59a3825","lenta","https://lenta.ru/news/2024/03/14/vo-frantsii-sozdadut-sobstvennyy-reestr-inoagentov/","lenta.ru","b05c648f79b94515c4ff56760822cc4e6deaf38493f3083dfddd333c9ea0615e","2024-03-14 21:27:00+00:00","","2024-03-14 21:31:04+00:00","2026-10-07 01:15:01.392309+00:00","2026-10-07 01:15:01.392309+00:00","timestamp","","retrieval_only","updated_current","retrieval_only_current_snapshot","dafed12a86a3182d8083ded064c5f9d09c3d6b3f9a58e9c5492332e3a8172de5","https://lenta.ru/news/2024/03/14/vo-frantsii-sozdadut-sobstvennyy-reestr-inoagentov/","859067982f9275c02f859e3a3ede32be88d6edbfb08ca8878dda5a42b19c8b75","0ce01d422a56aa3ffb21b60be5db0ea5187bec856864fb7710dd5924e824253a","regulation","decision","unknown","False"
"5b42686501a8defbd5bab7ad13015a0263e83fcc167aa7826d1e57b936c3d06d","d1a02e5cacc42dab7e2c962451703254f1a5a95b749bb1bce63734e029631f0b","lenta","https://lenta.ru/news/2024/03/14/vysokopostavlennyy-amerikanskiy-politik-prizval-izbavitsya-ot-netanyahu/","lenta.ru","719a362e0a314f80a307aef35d8c6249c3041ee3f4abbda968f6c7636c168051","2024-03-14 22:26:00+00:00","","2024-03-14 22:42:22+00:00","2026-10-07 01:15:18.878756+00:00","2026-10-07 01:15:18.878756+00:00","timestamp","","retrieval_only","updated_current","retrieval_only_current_snapshot","cb12ce309c1bdd06cd51dc857ef9f6c8e43617c9b38f14c5cf9e1df8efced022","https://lenta.ru/news/2024/03/14/vysokopostavlennyy-amerikanskiy-politik-prizval-izbavitsya-ot-netanyahu/","054cd89870cf64f43ad5469f41fef2285e697e5dcc9436cfab481bca2b525d59","8ec262543ee657bce4d8e67d9b38e42260bee48055fd48c5dd01379194731f0c","other","support","positive","False"
"c902262278044b50732c3e0118fda0767474262168760e97d3211ba16e11e1db","9322bda8eef1497fef7ab739e3f26ac812e16b57da556a18a612f355824166d9","lenta","https://lenta.ru/news/2024/04/14/pentagon-zayavil-o-gotovnosti-ssha-zaschischat-izrail/","lenta.ru","cbb8a8659d723fbc6b06d2b0dab7419efd14a2218f7c89eeaec2e4831c996f13","2024-04-14 21:12:00+00:00","","2024-04-14 21:15:42+00:00","2026-10-07 01:15:24.761237+00:00","2026-10-07 01:15:24.761237+00:00","timestamp","","retrieval_only","updated_current","retrieval_only_current_snapshot","f64e5d7776cf3000fb55ce6f442d4b2533dd43688f45f53d71b85f765319605c","https://lenta.ru/news/2024/04/14/pentagon-zayavil-o-gotovnosti-ssha-zaschischat-izrail/","13686be0989d59a77f7f87424860d517e4d287b5f2c0bc14ea0f7ab39dd2f383","7cd7a05aff036d1239789f10839826756892d827c8e6c53372a2e3bba9490668","other","announcement","unknown","False"
"ad5789698eef1c98d49d719df0a0e9d95fbc33da578a58a51033fd45e3b2a4cc","f5fa61eaff8850b7402c03742f5205de555aa9247dea13549c2080a4f6007670","lenta","https://lenta.ru/news/2024/04/15/bayden-obsudil-s-liderami-kongressa-ssha-ataku-irana-na-izrail/","lenta.ru","403661cdcb646f89cd6148acb768636c86332a00607d240a5bc58a82cfc0952b","2024-04-14 23:34:00+00:00","","2024-04-14 23:35:51+00:00","2026-10-07 01:15:29.961220+00:00","2026-10-07 01:15:29.961220+00:00","timestamp","","retrieval_only","updated_current","retrieval_only_current_snapshot","211c047128b015dce7d20249363e819169c0e4fafb97ced02a34ee137efdefe8","https://lenta.ru/news/2024/04/15/bayden-obsudil-s-liderami-kongressa-ssha-ataku-irana-na-izrail/","38a8a75d336b63d925eee18505c1fb0c02bc406d1913987a9b4e6c984fc07665","ef2c39bf383f68e08ab9d35d7ce5927c8f6da9a26218340efbc8318adb4e673e","other","announcement","unknown","False"
"f46a041de50d310f680c3fef0c08a83d1e4f47226ba756b40a76785db2fea85d","62498bb55c30ad4daa8b5d026841e761e9367f8f75f6d63b321f46fbcb4d504a","lenta","https://lenta.ru/news/2024/04/15/boets-vsu-predupredil-o-planah-rossii-okruzhit-rabotino/","lenta.ru","773f4e577809415a43adc7a5e24ba2a31888a80c8e4470a2f276cac97212e6cd","2024-04-14 22:32:00+00:00","","2024-04-14 22:32:22+00:00","2026-10-07 01:15:34.936775+00:00","2026-10-07 01:15:34.936775+00:00","timestamp","","retrieval_only","updated_current","retrieval_only_current_snapshot","e481536be949479ccf9a19434e55de9e4d466b1a24b4cf460dc95bfbae3bab98","https://lenta.ru/news/2024/04/15/boets-vsu-predupredil-o-planah-rossii-okruzhit-rabotino/","48f82c0c47dc6ffbedbad46470e936a514207558ab9f7ac14b4349199cd7f359","3fb8b0a949d9832ad8be28ee71d1f89b9df238b2582412e7f90eac338401ea31","other","other","unknown","False"
"931d161856ba47f33b16db47b1a41641e9ffe2939680507db1e55e2efddb3eaa","d0ffacddd1493bcf7bcd4ed299df4226b6914f7c4d93e4514ca4fe6da517d776","lenta","https://lenta.ru/news/2024/05/15/bespilotnik-atakoval-dvizhuschiysya-avtomobil-v-rossiyskom-regione/","lenta.ru","c7ffb5a9e9cb4d2033ddc98223af71b47b9bbc5374c306ca6f2d08265714852f","2024-05-14 21:04:52+00:00","","2024-05-14 21:04:52+00:00","2026-10-07 01:15:44.491131+00:00","2026-10-07 01:15:44.491131+00:00","timestamp","","retrieval_only","unknown","retrieval_only_current_snapshot","00d04615db74a74772cd33473f7978c008b02eecc1afcd6de9ddf938e55db01e","https://lenta.ru/news/2024/05/15/bespilotnik-atakoval-dvizhuschiysya-avtomobil-v-rossiyskom-regione/","e955c920bc5676259f60320167d23a9b6f09db83cd73621bd44091b04489ba2d","74d904cb3eddae6c727cda015ef29661139349c15cb7c8411c008f32a11f96cc","other","announcement","unknown","False"
"9b4b3358093e2d36e67f3cd4a4a7c440e2c2cf24fb8ead27a1b402f738981918","8de5fce41bfd6a496b50a3e606455d1a7f50ed9573879cb80a0c78ed992c6949","lenta","https://lenta.ru/news/2024/05/15/blinkena-raskritikovali-za-kontsert-posredi-myasorubki/","lenta.ru","d03a489d83c48e97411e1800dd189a85a3d36e674ce73fd2d14b53cc1cd7bcf2","2024-05-14 22:07:00+00:00","","2024-05-14 22:19:56+00:00","2026-10-07 01:15:50.098624+00:00","2026-10-07 01:15:50.098624+00:00","timestamp","","retrieval_only","updated_current","retrieval_only_current_snapshot","56d25cacd9d78d6cfadedb0c51f4bcdb43975b60dff5238d323107c9633dd56c","https://lenta.ru/news/2024/05/15/blinkena-raskritikovali-za-kontsert-posredi-myasorubki/","af2ed1d1167babc4d92161aeda8930696629f5fedd1185cb3d2e702219c90c50","4ddf7fc464d4cdcce49e1d3f27defb83265c43b977e5e2b5801f878bfc196951","other","other","unknown","False"
"7445f0c8b08cbd5b52b95658bd288f5732d52cb8ae59ef1b8497773a784d59a8","119e33c15fe3b6889b421940ff83ebbddd090d1399294baffefba1696914c39d","lenta","https://lenta.ru/news/2024/05/15/byvshiy-shef-povar-perenes-20-operatsiy-i-zanyalsya-prostitutsiey/","lenta.ru","dcf779677fede89fe34f3642f5b099313e3add9000191a7dde5edc99a00ae0af","2024-05-14 23:00:26+00:00","","2024-05-14 23:00:27+00:00","2026-10-07 01:15:55.235443+00:00","2026-10-07 01:15:55.235443+00:00","timestamp","","retrieval_only","updated_current","retrieval_only_current_snapshot","533cf7e6a3c099d14f9d6fb36454ce2a9d7b597a40f50b067ed2d9f2a091544a","https://lenta.ru/news/2024/05/15/byvshiy-shef-povar-perenes-20-operatsiy-i-zanyalsya-prostitutsiey/","2899523863c119cde360b9d824d3dca58df95d5150c510b38813844abe632d9e","ff1086fd56d1a0c976b53ef169b98cc539cb7150f819b28e72bd6014d69e8df0","other","other","unknown","False"
"f6f58285d4043e87fa2679c3a931c4d957de6a0ca85596dfcf796f7c3aa0fdd3","f16cab33de901a729e40a8e4ae25d374822d029271e92315f0eda9a97893a273","lenta","https://lenta.ru/news/2024/06/14/putin-predlozhil-sozdat-novuyu-sistemu-bezopasnosti-v-evrazii-chto-ona-predpolagaet/","lenta.ru","dab81ea1d2aaf74fdf3726a54a7502c3d7407a8daddddb348bee3a809f1cb0fe","2024-06-14 22:41:00+00:00","","2024-06-15 06:33:40+00:00","2026-10-07 01:16:00.455362+00:00","2026-10-07 01:16:00.455362+00:00","timestamp","","retrieval_only","updated_current","retrieval_only_current_snapshot","f6684012cc3358e1d62ce9207124071d63b87559ab5e1721eaee1c2eff7e68f4","https://lenta.ru/news/2024/06/14/putin-predlozhil-sozdat-novuyu-sistemu-bezopasnosti-v-evrazii-chto-ona-predpolagaet/","36aad64c4fe7ac645a0a752f26d0b1bcc67e3503ad7d1cce3c975144fff5909a","115a201bf09e3112df5ccd77dd6c08c051688078bd19e796b5428da6964059e5","other","other","unknown","False"
"ffdeaf465c94aa3803a53881b95dc74692f45d557b5393bdd8637d6e760d0259","6122d9c2cbe016adb0dd36927b3708efbc1c0b71d59c6524232ab5dba0615df6","lenta","https://lenta.ru/news/2024/06/15/antonov-obvinil-zapad-v-narushenii-vseh-norm-prilichiya/","lenta.ru","e616e7237c0b72dfc2980c4f05bb5d0d32481ef7d7c3c8d4e269608fb3217aa1","2024-06-14 21:19:21+00:00","","2024-06-14 21:19:21+00:00","2026-10-07 01:16:05.362125+00:00","2026-10-07 01:16:05.362125+00:00","timestamp","","retrieval_only","unknown","retrieval_only_current_snapshot","54595a279882c41747cdf501bd734d6eb0cf22f3183483b53706173c81292e34","https://lenta.ru/news/2024/06/15/antonov-obvinil-zapad-v-narushenii-vseh-norm-prilichiya/","a4c7c596492c4ab08d1b2a4f2f1ef525dd204e68d157610fd4f582c1d070f35c","234244a637563fa1fedc431d917eb582a15aaf9c2d14146a63f5cf3abbf5031d","other","announcement","unknown","False"
"76aeb7aa645caa8b682b5eb7a220fa3bcfd317ae097f31ff64b37d8ddf3dec1c","1ebf2130ff1818b2071166305a0bb14c93e9047446e7c52b248e18a027f54b3c","lenta","https://lenta.ru/news/2024/06/15/antonov/","lenta.ru","b314226f20ef47c0a53877b6dd1b15ebd6c51f97a76aaa854f81bc3ca891f7c5","2024-06-14 23:16:00+00:00","","2024-06-14 23:17:56+00:00","2026-10-07 01:16:10.282014+00:00","2026-10-07 01:16:10.282014+00:00","timestamp","","retrieval_only","updated_current","retrieval_only_current_snapshot","65c04bff81fa72d0d1454a98bad845a58bf374c32df98c4802da3d61c972b1e4","https://lenta.ru/news/2024/06/15/antonov/","174d2a8d176b5e170330973c6c8e394ce7e84a33a389afa1ba061ae7cd98f6ac","8cc39f1259a3734857a213b263d594c61b657e191713ac1e1d07aded171f6ba5","other","announcement","unknown","False"
"edd6d887e52c2ce74a301548ce9cf572af11e46be04f012bf98e12a09454bf2c","0731f1249a3e3b8202cef2282d190ad4a5c3f66279d7018c1824ec069e8dc427","lenta","https://lenta.ru/news/2024/07/15/70-letnyaya-zhenschina-zakazala-muzhchinu-po-vyzovu-na-den-rozhdeniya-i-razocharovalas/","lenta.ru","2cab95dd93a29696a0350771053685bd6cd7f7616687dd3a153fce16ec898d85","2024-07-14 23:00:13+00:00","","2024-07-14 23:00:13+00:00","2026-10-07 01:16:15.643995+00:00","2026-10-07 01:16:15.643995+00:00","timestamp","","retrieval_only","unknown","retrieval_only_current_snapshot","c94e4e48997d7a1ddeed4ac017f12365bfc0033385f424d734c9803f6e52cfdb","https://lenta.ru/news/2024/07/15/70-letnyaya-zhenschina-zakazala-muzhchinu-po-vyzovu-na-den-rozhdeniya-i-razocharovalas/","a22411afb3c1a97bce013180835559b8144b912e9decdda47a3d8a8d355f2cec","6c366eb2a829dc8f2b71e9705b5eb4fe07d3f55fc84c290dbabe223699f8a1a8","other","other","unknown","False"
"5b62ced83ec4d44551169cd38fd9d6e239a3b0501045984c0ea2d30e36c22a60","268c94e5a79dc292a06905ed979a4abf2ad7a39a29d80643a49001a497790055","lenta","https://lenta.ru/news/2024/07/15/amerikanskiy-diplomat-predlozhil-nabrat-v-vsu-18-letnih/","lenta.ru","8a5d165a462fc21d7e9213cf42743bd9e7c41edfccc401af118eff2ea4fc6c34","2024-07-14 22:44:28+00:00","","2024-07-14 22:44:28+00:00","2026-10-07 01:16:20.763450+00:00","2026-10-07 01:16:20.763450+00:00","timestamp","","retrieval_only","unknown","retrieval_only_current_snapshot","83fb55bc984ba58eceb324c952c2c6f399b4bed0f9f898ccd730e124dc9adfcd","https://lenta.ru/news/2024/07/15/amerikanskiy-diplomat-predlozhil-nabrat-v-vsu-18-letnih/","7be95e13f0dcee6b47b76541a972032b06cfb71ad1af836900195b79bf86f185","c899b680b92086432be4fc0d013038081f8a8d0996b93224669b3a3f4d592794","other","other","unknown","False"
"3bc1a3b5f45218bf212c262b47d86bee2316366facc95e374b2600eb72336555","85823e608f064fa4147d20462718bf281a55d0a599ddc0c5092fe6a698bda6b3","lenta","https://lenta.ru/news/2024/07/15/bpla/","lenta.ru","e07eff12dacad326010434cacdda6640bc137056c513369b8656b8213c181e13","2024-07-14 22:51:00+00:00","","2024-07-14 23:00:40+00:00","2026-10-07 01:16:32.866245+00:00","2026-10-07 01:16:32.866245+00:00","timestamp","","retrieval_only","updated_current","retrieval_only_current_snapshot","9c8af2151c1d86b37a92776992ca72e4eb93fb0e555f36ba0d01eacbb1b3553e","https://lenta.ru/news/2024/07/15/bpla/","f9829b5788debdcf91db6b7e214790b935ede721f0dbc8b406db4d70ef0da183","b826810f90025b2a72993260aee6a41ca088ad78993c6aa6a6111661fe65f197","local_government","announcement","unknown","False"
"768b73b00818e313379d4fa1aba17958be56ab1ba428005fa885935fa3994c93","a6b26f1acdb3d4970475e43ba1771db338cfdd6861b1b7e77ffb52f4dbd67e68","lenta","https://lenta.ru/news/2024/08/14/v-finlyandii-soobschili-o-peregovorah-o-prodazhe-prinadlezhaschey-rotenbergu-i-timchenko-areny/","lenta.ru","040716ede1e2b260fb3b8a723a5bfe7c217a4096cb33cd2177d42f2fb53f2ab2","2024-08-14 21:00:00+00:00","","2024-08-15 06:13:50+00:00","2026-10-07 01:16:38.255223+00:00","2026-10-07 01:16:38.255223+00:00","timestamp","","retrieval_only","updated_current","retrieval_only_current_snapshot","e4ff42d4c83e00146e2d3873077b5325aad954c98f28da817a19ec89b9013e64","https://lenta.ru/news/2024/08/14/v-finlyandii-soobschili-o-peregovorah-o-prodazhe-prinadlezhaschey-rotenbergu-i-timchenko-areny/","75d3c2963109282b935e1488a07ce98b7ca5e917c39e67ada3365a67836312ce","b88dc2d1d0345938333a76838be1ee930029de26a04b1d7d95ac5c15f5538c45","business_activity","announcement","unknown","False"
"75b56552099a71d293ac9ac5673f429875311425e9011d0e52afc3cbbb03ade8","dbf59ab9d0eeb5268218d965448649c3e4fbf6608cf3964223d2a2bf8a357ae7","lenta","https://lenta.ru/news/2024/08/14/vlasti-kurskoy-oblasti-ob-yavili-ob-evakuatsii-vsego-glushkovskogo-rayona/","lenta.ru","7663ad2400469e38bd8ce24346c994f2650568257a4fafdcd8c1b880cc415601","2024-08-14 21:02:00+00:00","","2024-08-14 21:13:57+00:00","2026-10-07 01:16:43.078828+00:00","2026-10-07 01:16:43.078828+00:00","timestamp","","retrieval_only","updated_current","retrieval_only_current_snapshot","2c7bd32bae019e06577f937c74265d1ddf93336379a29c3b7d3ea01ae8f6ad0a","https://lenta.ru/news/2024/08/14/vlasti-kurskoy-oblasti-ob-yavili-ob-evakuatsii-vsego-glushkovskogo-rayona/","b87361203e1c527b4c4153e481a00874d9e494145e2b00ff07ce310318588d8f","602a4e290d222519e825f135b7d9bbeb127270d2b9ffc74f426e0ca3ad9b4a11","disaster_emergency","emergency","unknown","False"
"0386f87e9ac8dbc8016ebee0de9af579d5b7b6030c9bd525f4b2afe9c686f93c","41f64cc6ba2f83e0f92a5d886eec86fa9b86dbc4991bef17e4172ed5d23959be","lenta","https://lenta.ru/news/2024/08/15/41-letnyaya-rossiyskaya-aktrisa-pohvastalas-figuroy-v-bikini/","lenta.ru","0335149406286f7dc9a97c66c3d89396c0a353bc46ac2ef82a29057b2bfaf1f3","2024-08-14 22:01:51+00:00","","2024-08-14 22:01:51+00:00","2026-10-07 01:16:48.328155+00:00","2026-10-07 01:16:48.328155+00:00","timestamp","","retrieval_only","unknown","retrieval_only_current_snapshot","493c05d79e745b2b88e4abefa83789c9fe91ff964d6a70374fd69034f4a738af","https://lenta.ru/news/2024/08/15/41-letnyaya-rossiyskaya-aktrisa-pohvastalas-figuroy-v-bikini/","011c6bb01b9141b3cb4052373120d42659c709694ed5b53e915cfed781c022c6","e476ed2e66f79d4b8902ac35aca5e7b119e5e8f3be6c53c52a7158c9eddad6ae","other","other","unknown","False"
"2d2db0c4bf3a8661bf39306a6d31abbc91e4029dc066a534924f1c89c9c877ce","e78f9d98eaf8759776b155ee6764846374860fc802841d1996cd6ef55f6b1739","lenta","https://lenta.ru/news/2024/09/14/bayden-zahotel-sosredotochitsya-na-podderzhke-ukrainy/","lenta.ru","3148ad8b97847a964fb9af2033fd96c3878742f4dcd5a084e6d76affd70edb41","2024-09-14 22:50:00+00:00","","2024-09-14 22:54:00+00:00","2026-10-07 01:16:53.206684+00:00","2026-10-07 01:16:53.206684+00:00","timestamp","","retrieval_only","updated_current","retrieval_only_current_snapshot","5cb30a74bab4a2ebdf084c55852d1e6bd5912fadb440ff26ce6b119c26a12960","https://lenta.ru/news/2024/09/14/bayden-zahotel-sosredotochitsya-na-podderzhke-ukrainy/","87df788f2bb6d1fc779390fecf80bf2e86bc2c432958ff1255979a3f8ffb4d85","da2a02eeccb931f5c1d28a875d6b817e2b6ed4a0b616671900eb0eeea7827f40","other","support","positive","False"
"83b430475fa50e144325ee40f9dfed66b478a6080dcdc093db826a907a5c0579","d326ffa4267aeccd1af86507eb1493ca4b7178e8ebe68b913f27f0a760b4401c","lenta","https://lenta.ru/news/2024/09/14/v-rossii-zapretili-prodazhu-odezhdy-bez-markirovki/","lenta.ru","dc6c904cad87ab2d87b5fa4f42b2f74dab4b3ab7d219cfe603b9b287a8ab7499","2024-09-14 21:30:00+00:00","","2024-09-14 21:45:44+00:00","2026-10-07 01:16:58.202014+00:00","2026-10-07 01:16:58.202014+00:00","timestamp","","retrieval_only","updated_current","retrieval_only_current_snapshot","5b50645aa4f1a9da485f6ea94becb557bf4c3363abd53d85457c13c1701e733f","https://lenta.ru/news/2024/09/14/v-rossii-zapretili-prodazhu-odezhdy-bez-markirovki/","d8cd40bbe86ebf5d3b5507ed91d0776432358a4a53e90fbd33bc8072f3a7be5b","8e02d650643db9b9a35be70b70d6dc3bee1fa8fae25995b83e2dbaf476248e28","regulation","restriction","negative","False"
"777db33737224f8d96d94e5be6c1b29c1b18928f6e1c385840ea7c8a5eff0271","6e0910aea439505fca60489647eee5891e193d6001b28a672e22e1b8baaf628d","lenta","https://lenta.ru/news/2024/09/15/alaudinov-raskryl-poluchennuyu-ot-plennyh-soldat-vsu-sekretnuyu-informatsiyu/","lenta.ru","08868d4ab85d43b4d86cda27e9a7d17912c1bd35e6f7539d29a332f7855912b9","2024-09-14 21:34:00+00:00","","2024-09-15 00:31:39+00:00","2026-10-07 01:17:03.645374+00:00","2026-10-07 01:17:03.645374+00:00","timestamp","","retrieval_only","updated_current","retrieval_only_current_snapshot","4670c2c8e820252c1a5ca81ab58ad419b6381420e2eac3479a162a21c033c1c9","https://lenta.ru/news/2024/09/15/alaudinov-raskryl-poluchennuyu-ot-plennyh-soldat-vsu-sekretnuyu-informatsiyu/","df38bf78f2ef032e055683beec62f0ba5339a00731caf5a20f47505af5752579","9f1aa72782942871c25df2e6e1b6549a58789acfa680df5f27e0d7a62b2709cc","other","announcement","unknown","False"
"0c02d069926cc2abfc0a4cbeaf181e55f0ebbc298ae06b0c6629645288e0eff5","6e8e706e347408879c9f7705b0f64cfc44927c47a3579ad0e25d2d86afcda843","lenta","https://lenta.ru/news/2024/10/14/moldavskogo-biznesmena-obvinili-v-vyvode-desyatkov-milliardov-rubley-iz-rossii/","lenta.ru","64e3e9ef30a547302731f04ffd43addac4cc5d0d7634e5ffea6e8935bb6f742e","2024-10-14 21:33:00+00:00","","2024-10-14 21:55:23+00:00","2026-10-07 01:17:21.069157+00:00","2026-10-07 01:17:21.069157+00:00","timestamp","","retrieval_only","updated_current","retrieval_only_current_snapshot","0f34819b4a8d74b784e977b3673f35b25fdbd58cc9be7f1522cc8f1802cae705","https://lenta.ru/news/2024/10/14/moldavskogo-biznesmena-obvinili-v-vyvode-desyatkov-milliardov-rubley-iz-rossii/","4d11ab7faef97993e77491d1ad26197b14f7db7140a9bc1ed689f5d2689db6d4","d213cea72b6ffaf00c5e9a3664c209b08e718e43372a673f6b6f59c95557e5f4","business_activity","announcement","unknown","False"
"95e0c142e5b1c1274f1461d13484440d4748f5104e1d5716ef3dbaec5aa3a4c5","1ae57040cfb869911696d371c0e7cf0241fe9b406248b7cddf0cd93f59457595","lenta","https://lenta.ru/news/2024/10/15/eks-vokalist-tarakanov-zadolzhal-bolee-sotni-tysyach-rubley-nalogov/","lenta.ru","e3f837377d893cf56634aad32eb89f14192ce4463e091b230d3552adb4ecd750","2024-10-15 00:21:00+00:00","","2024-10-15 00:32:18+00:00","2026-10-07 01:17:26.695585+00:00","2026-10-07 01:17:26.695585+00:00","timestamp","","retrieval_only","updated_current","retrieval_only_current_snapshot","7ac67c91a9245869c9b9e67b9c58c0a4d9385a330f7574961d34a1797b4caf7e","https://lenta.ru/news/2024/10/15/eks-vokalist-tarakanov-zadolzhal-bolee-sotni-tysyach-rubley-nalogov/","e98267ec15a25570f8120ace82445496e29b977afeda7caadecca10d92002e4f","b929e7ed123ff71a8221b268ebd56ba0b6f60d520465dc6dfa6f3d4b73d05bd8","regulation","disruption","negative","False"
"0a6054420ada6efb4b9fc6e490ad9449d39bb729a57484d501dd8f1a76c8f0af","06e3c063e757cef47717db75a6fe3deb65c2d99f842ba9ef9d66e8d8f7a34375","lenta","https://lenta.ru/news/2024/11/14/na-zapade-obvinili-zelenskogo-v-ispolzovanii-slabostey-ssha-v-svoih-interesah/","lenta.ru","b3e79ea29df7fc243fc3966f2d6dc5891353659a3b56020b248a60779c0bd6f4","2024-11-14 21:15:20+00:00","","2024-11-14 21:15:20+00:00","2026-10-07 01:17:46.177646+00:00","2026-10-07 01:17:46.177646+00:00","timestamp","","retrieval_only","unknown","retrieval_only_current_snapshot","e1c128c670726e6afa3830a97f76f79221d284c769b1891ef5f975fa576fab07","https://lenta.ru/news/2024/11/14/na-zapade-obvinili-zelenskogo-v-ispolzovanii-slabostey-ssha-v-svoih-interesah/","fe616b546c317d06f4c4d8fd75f491819be6737d6b784a4d329b5474a19c71b1","9bbb279caddce52ede669dc477399544253fb14e391659bec52fe66470e8d887","other","announcement","unknown","False"
"a026ae4a1f20e5b27d4491c5fc6678862543e35390ddff49117d37da7a6d28c9","848fb69b161e3386846fd2cc1793a66982a6f446db833d36e26b7daf9270e7e5","lenta","https://lenta.ru/news/2024/11/14/polskiy-voennyy-zayavil-o-nesposobnosti-amerikanskoy-bazy-zaschitit-nato-ot-vozmozhnoy-ataki/","lenta.ru","717681fc3340b7d74b7cccc7966dfa48f87f6e4ddccba8bf6153125a6dbe67c0","2024-11-14 22:22:19+00:00","","2024-11-14 22:22:19+00:00","2026-10-07 01:17:51.793284+00:00","2026-10-07 01:17:51.793284+00:00","timestamp","","retrieval_only","unknown","retrieval_only_current_snapshot","5a99c80ceb2c4a11ce8689cb49e4118a55f791dd77ab0fed7209e4d848b00942","https://lenta.ru/news/2024/11/14/polskiy-voennyy-zayavil-o-nesposobnosti-amerikanskoy-bazy-zaschitit-nato-ot-vozmozhnoy-ataki/","6eda390047cbc6071ae9b62690d1d3ae457fbb54a933c1d34178212fc7ecdadb","6ce7d8277f2d270a7f64dc40bd7188936b76874389157ad2da23bd31f7750dbf","other","announcement","unknown","False"
"4a0200f0f96666e609643747d7d0ed1a5688ac3df3fc41cd2e0a272a88243c4e","80b3d8f196cc9d8a9124cc2ecb4e3a2b5f63b26c7eb63a44e0b1cc7048994e4a","lenta","https://lenta.ru/news/2024/11/14/stoimost-obligatsiy-ukrainy-vyrosla-na-fone-pobedy-trampa-na-vyborah-v-ssha/","lenta.ru","c1b68af617008de6c82d27586da1a02d88316d6a763e93eab46fb453dc7ae51d","2024-11-14 21:46:31+00:00","","2024-11-14 21:46:32+00:00","2026-10-07 01:17:57.231026+00:00","2026-10-07 01:17:57.231026+00:00","timestamp","","retrieval_only","updated_current","retrieval_only_current_snapshot","588c35f5748dd2258049084183b9a5f2d2e2691eaf5e7068d6633506302f33f4","https://lenta.ru/news/2024/11/14/stoimost-obligatsiy-ukrainy-vyrosla-na-fone-pobedy-trampa-na-vyborah-v-ssha/","d77a4592cde6647196fe1e03b560b6e5bdf75e873cc586940fafff3bae000206","548900c311468b920c806347d6bf3f50fb3647d41ee4d1b6eb3eadc20d3ab630","other","increase","unknown","False"
"e22d34fb7e214b4ad06658e098d79d1b3bd3f17cbc39619cb613159262783df2","144e5f545c1086647bd2a2823ba436e75fdce8c6bf50a104bb9145713b91054f","lenta","https://lenta.ru/news/2024/12/15/amerikanskiy-spetsnaz-zanyal-byvshie-rossiyskie-bazy-v-sirii/","lenta.ru","382876bba94e6cf04f46fb1c99b9c361a458b5ddc0d6cd00180b4eeb878ed765","2024-12-14 22:32:50+00:00","","2024-12-14 22:32:50+00:00","2026-10-07 01:18:02.139290+00:00","2026-10-07 01:18:02.139290+00:00","timestamp","","retrieval_only","unknown","retrieval_only_current_snapshot","71309ef7f1b2ae8775fd9e1226a9d0b1d27eae7f42270486036f65103cb0be25","https://lenta.ru/news/2024/12/15/amerikanskiy-spetsnaz-zanyal-byvshie-rossiyskie-bazy-v-sirii/","9ab3b6d5e359276f4dc6dbd6887745a73575f6ec0f11a3ec42999c350b6a959c","21a9d6e265a9637b2df0a7926731367b94c2ceb59bde5287e094a250846441f7","other","announcement","unknown","False"
"695e6ca6fd32002d4bd68d2f672e5b99139195edb886d3881efe4f03a52dde55","c44a231072adced344ee499ce10e849dc7dbfa427a5a9f249427b4d4fc6e1a26","lenta","https://lenta.ru/news/2024/12/15/amerikanskiy-telekanal-vyplatit-trampu-15-millionov-dollarov/","lenta.ru","95a43d4bc7cd33ba4eef810a5d734f1073d0cc54071290534975aad50bc0802c","2024-12-14 21:54:21+00:00","","2024-12-14 21:54:21+00:00","2026-10-07 01:18:07.646384+00:00","2026-10-07 01:18:07.646384+00:00","timestamp","","retrieval_only","unknown","retrieval_only_current_snapshot","ca49f02216e8d5d1ca40497f33b4dedf269fcb75954a4a78860fff4125ab7d47","https://lenta.ru/news/2024/12/15/amerikanskiy-telekanal-vyplatit-trampu-15-millionov-dollarov/","64e4b84d7b6a1e9911c9e389a602f54a1a51b81a51198d171e889a433f894421","9bbe5fe9592a35b0842aadfc39ffdc42fd05d2d154eb0dc4e444f10ec6355451","other","announcement","unknown","False"
"065a6f145527a347ff0c4c1ee4affd8690c3d6a1d0d01fad7ea199f646ff8fea","58aeaa3b027b5db2560141a766966fbf10974d6f71c209db8945cc84f3fd5e94","lenta","https://lenta.ru/news/2024/12/15/bransk/","lenta.ru","e2087e9cd97f05e88424a388054f20d0039491b32bebadb864d83e4eb634be84","2024-12-14 21:37:00+00:00","","2024-12-14 22:49:32+00:00","2026-10-07 01:18:25.101986+00:00","2026-10-07 01:18:25.101986+00:00","timestamp","","retrieval_only","updated_current","retrieval_only_current_snapshot","b53c41b25778a95b30d9dbbadb56e2e9866ae42670f9938dd6953c761735864c","https://lenta.ru/news/2024/12/15/bransk/","0e224a740c118bd8f36498e6b270df846aca26b8e31e42b4b2d448ec83b5383a","32f290072627f9a6337c779fc149fd1290ebc09dbfdbad288074155e4927ac49","local_government","announcement","unknown","False"
"b42a4ec064848f0582c6e63eb90e518fcd9e3d9531dedc25028202ca07b70335","e7d8465d4eb4cf8b3b120b653e93d2886d90baa0b7d6fdfb47e9e7300d317b1e","cbr","https://www.cbr.ru/press/pr/?file=07062024_133000Key.htm","www.cbr.ru","cbr_key_rate_decision_2024_06_07","2024-06-07 10:30:00+00:00","","","2026-10-07 01:18:34.904171+00:00","2026-10-07 01:18:34.904171+00:00","timestamp","","retrieval_only","dated_primary_release_unverified","retrieval_only_current_snapshot","9faa8d7be807b10baa1a0d884c457e14cf8a9eb74d4827afdea42fe435e05c43","https://www.cbr.ru/press/pr/?file=07062024_133000Key.htm","22c4ea56041865fc015333bad75f0e0a1dd0e47006b5130680169801d17d98e5","a8a9b06d86fba42554d454a6759d2727b70b716801b40db4e5ee61328f66f379","macro_policy","decision","neutral","False"
"05c6a74ce1bbc17dbf07e5c9e9501d62b6a78ed78ed32c7c2a86ceddbdce9c0d","c5a7989f894cdd490e4f805b58a2972a1f83c569011a36e55ca91d4a70648551","cbr","https://www.cbr.ru/press/pr/?file=09062023_133024Key.htm","www.cbr.ru","cbr_key_rate_decision_2023_06_09","2023-06-09 10:30:24+00:00","","","2026-10-07 01:18:51.476173+00:00","2026-10-07 01:18:51.476173+00:00","timestamp","","retrieval_only","dated_primary_release_unverified","retrieval_only_current_snapshot","c5bb7721c8e2c0788cd232c8e5e40ccb6126c65771437d5fa838f4026b4fe75b","https://www.cbr.ru/press/pr/?file=09062023_133024Key.htm","f19435210f5fcc5e099b3c81dcf37809103ed51220e36df01aab3e080a7839a3","6496beb56d3165013814486e7e225838c8a3cfb4b177ee0061d1e52a1573105c","macro_policy","decision","neutral","False"
"6c6d0a0c61789a937c257af70853b4c6083d72bae446dd05a791fa5b09b50bfa","02076d7d29412f80c1f4579f9d8233cb276ab8b549848d68d6c1ed3d6e81db05","cbr","https://www.cbr.ru/press/pr/?file=13092024_133000Key.htm","www.cbr.ru","cbr_key_rate_decision_2024_09_13","2024-09-13 10:30:00+00:00","","","2026-10-07 01:19:05.626014+00:00","2026-10-07 01:19:05.626014+00:00","timestamp","","retrieval_only","dated_primary_release_unverified","retrieval_only_current_snapshot","dec96d61a9691d63aa63246832b9b11097a16f3c0591f9f1c4293e413780e760","https://www.cbr.ru/press/pr/?file=13092024_133000Key.htm","8a0b652ad4b3e3cecdabe9caca10b9793327d61142322318f011d4598613a635","ec04fcb580b1c5a7511406c213f2f3fb396811a7c1b56eff02b37c6f7abe4e36","macro_policy","decision","unknown","False"
"a4691d4347b104c5e6102e7a211e0f9aa5a3e90e1079b27400a2f2ce63bbe802","8b305faf8228717ee125ebc5008d2445f817d6adec0b7979154fed17ff38970e","cbr","https://www.cbr.ru/press/pr/?file=15082023_103000Key.htm","www.cbr.ru","cbr_key_rate_decision_2023_08_15","2023-08-15 07:30:00+00:00","","","2026-10-07 01:19:35.173238+00:00","2026-10-07 01:19:35.173238+00:00","timestamp","","retrieval_only","dated_primary_release_unverified","retrieval_only_current_snapshot","2bfd3e4d948ee852354cf654874280ecb680c269a83b7db13ac7b2c1f690e1ec","https://www.cbr.ru/press/pr/?file=15082023_103000Key.htm","bac0a23daa5c94f2860f820997d0106e6de0854e2252d05fbb85833235aa9e4e","e7100f304d74a2dbd1ad6f5e168c9d9453753d4d984022c12b2ff0f6a1b32152","macro_policy","decision","unknown","False"
"8e6888e188f55d4450330e0b0d63add733222bee23fed209f7a6d28dcc4cf2bc","487b92dcd80bd9e874aefc8593d6e81a4926bf1a193104eeceb449eaf8191623","cbr","https://www.cbr.ru/press/pr/?file=15092023_133000Key.htm","www.cbr.ru","cbr_key_rate_decision_2023_09_15","2023-09-15 10:30:00+00:00","","","2026-10-07 01:19:57.506216+00:00","2026-10-07 01:19:57.506216+00:00","timestamp","","retrieval_only","dated_primary_release_unverified","retrieval_only_current_snapshot","a6810b8bbb5ac36ea8056826efb64b1434b7cf564d8af3ba83459526a715c206","https://www.cbr.ru/press/pr/?file=15092023_133000Key.htm","9cd286f9ba9c0a1dc84a1facb2d40d4441b58685a4bd49f27018c39eb39f98a7","f7732e3c821f17d7c7332ca437bad5733b8a9abec5da67b435cfd1ce62858c3b","macro_policy","decision","unknown","False"
"cbd3607d16162b06641db8914558489e75fc8dd7fa9fca23385f471f50a212e6","a6fd633bafa3a15b181ba08ac751226e89dcafe9c5e3a0ad39035c3fdc623c5b","cbr","https://www.cbr.ru/press/pr/?file=15122023_133000key.htm","www.cbr.ru","cbr_key_rate_decision_2023_12_15","2023-12-15 10:30:00+00:00","","","2026-10-07 01:20:24.132000+00:00","2026-10-07 01:20:24.132000+00:00","timestamp","","retrieval_only","dated_primary_release_unverified","retrieval_only_current_snapshot","7a0ba435efc6eb20a978b0714b7406359be7f75b4e2b825766ad304fc9a98a47","https://www.cbr.ru/press/pr/?file=15122023_133000key.htm","2f8e8efaa41dfdc204a7ee6745239b6bcc188f5342bf945b61dba6a638fc245b","8aec720e820677c2282dc2ca9ac644fd73426096e91f8694f5cacb032094d54a","macro_policy","decision","unknown","False"
"f7ac28dfa971a9cb479119e549707cd3fa250a3e1aa739966a6ca4740a0b21a1","ed376240bd6c30c2b16f3d6bd40f45e619a080ac5e672d98407426537b799f22","cbr","https://www.cbr.ru/press/pr/?file=16022024_133000key.htm","www.cbr.ru","cbr_key_rate_decision_2024_02_16","2024-02-16 10:30:00+00:00","","","2026-10-07 01:20:51.275450+00:00","2026-10-07 01:20:51.275450+00:00","timestamp","","retrieval_only","dated_primary_release_unverified","retrieval_only_current_snapshot","40fc0aa8bef165722a3f230f551c9a88be1977851ea025869aabcc73e24ad3fc","https://www.cbr.ru/press/pr/?file=16022024_133000key.htm","22c4ea56041865fc015333bad75f0e0a1dd0e47006b5130680169801d17d98e5","a8a9b06d86fba42554d454a6759d2727b70b716801b40db4e5ee61328f66f379","macro_policy","decision","neutral","False"
"8288c08b15979ea5aebfb25ba9077348fc0664d61f3e99e46d6e515031448c51","2a1cf9f252b713288df62d1cd0319682f3abb2c000878ea5a82fdfaf553be374","cbr","https://www.cbr.ru/press/pr/?file=17032023_133000Key.htm","www.cbr.ru","cbr_key_rate_decision_2023_03_17","2023-03-17 10:30:00+00:00","","","2026-10-07 01:21:04.066685+00:00","2026-10-07 01:21:04.066685+00:00","timestamp","","retrieval_only","dated_primary_release_unverified","retrieval_only_current_snapshot","38762f0ef34496fc9ede2f67124d578794acc71a110a994ec332b40b821e4c0a","https://www.cbr.ru/press/pr/?file=17032023_133000Key.htm","f19435210f5fcc5e099b3c81dcf37809103ed51220e36df01aab3e080a7839a3","6496beb56d3165013814486e7e225838c8a3cfb4b177ee0061d1e52a1573105c","macro_policy","decision","neutral","False"
"67245b07a5f027846e10fe68c4530eedb683d109280551df0c6632f88cff01a1","522095de3cc29f2167d8bc16ed271b756e82adde9894ed6473ed2af6d83fd2fa","cbr","https://www.cbr.ru/press/pr/?file=21072023_133000Key.htm","www.cbr.ru","cbr_key_rate_decision_2023_07_21","2023-07-21 10:30:00+00:00","","","2026-10-07 01:21:26.967980+00:00","2026-10-07 01:21:26.967980+00:00","timestamp","","retrieval_only","dated_primary_release_unverified","retrieval_only_current_snapshot","88d53e6f05c61277a6212e38160ca2c218ccc2c496eb02016a4287ba3621f468","https://www.cbr.ru/press/pr/?file=21072023_133000Key.htm","f71be5f90a308b200304acc65ef42acfe6b1155d10332d25cc62b6dde27ae5f9","1d72a5a4485bf34baa826923a9d747cb9fe871dddf8138690beaf6d545845926","macro_policy","decision","unknown","False"
"c8df205f7ec879c8c9249eb1afd842ab71ccc86b67d9ab6f2f2a282b698129b2","c03676d548df4b3a300b597901f0bf071d6d6e13fd52cdda7f93d28b1effe033","cbr","https://www.cbr.ru/press/pr/?file=22032024_133000key.htm","www.cbr.ru","cbr_key_rate_decision_2024_03_22","2024-03-22 10:30:00+00:00","","","2026-10-07 01:21:41.135915+00:00","2026-10-07 01:21:41.135915+00:00","timestamp","","retrieval_only","dated_primary_release_unverified","retrieval_only_current_snapshot","e5edd573e93a161df81f5bda0b9e5882b0bcc7c91b5107d4a4976bea0e484fa9","https://www.cbr.ru/press/pr/?file=22032024_133000key.htm","22c4ea56041865fc015333bad75f0e0a1dd0e47006b5130680169801d17d98e5","a8a9b06d86fba42554d454a6759d2727b70b716801b40db4e5ee61328f66f379","macro_policy","decision","neutral","False"
"5b0292ce24835be184ccf643b998aef85ed19ca17542eca4cde72d2b9b974e1a","ef046f8ff7b368c2600a16fa57fdb4d8fa167da1a2406f14530ff6a898132191","cbr","https://www.cbr.ru/press/pr/?file=25102024_133000Key.htm","www.cbr.ru","cbr_key_rate_decision_2024_10_25","2024-10-25 10:30:00+00:00","","","2026-10-07 01:21:43.315874+00:00","2026-10-07 01:21:43.315874+00:00","timestamp","","retrieval_only","dated_primary_release_unverified","retrieval_only_current_snapshot","a71ecdf8ae297f4b72402a2e9f4cffd3616c295a3c6d1ed8117e96b6021a3ceb","https://www.cbr.ru/press/pr/?file=25102024_133000Key.htm","0defbcda9f90e0918a7ba0f0e878e143df64b20f9667f975477de4992825d452","d081822ec441479aa216d6e38f948bcb63aba7bbdacbe670dc02bbb57efd7e9f","macro_policy","decision","unknown","False"
"9aede72ccfc1256ac33cbf4a52650ac4a61bfa5b345e639fca958e1c83fb3d3a","f5f95c2827018bfd3e748f65903237904e89c8299322eb77841b9c66f728b2a0","cbr","https://www.cbr.ru/press/pr/?file=26042024_133000key.htm","www.cbr.ru","cbr_key_rate_decision_2024_04_26","2024-04-26 10:30:00+00:00","","","2026-10-07 01:21:44.566302+00:00","2026-10-07 01:21:44.566302+00:00","timestamp","","retrieval_only","dated_primary_release_unverified","retrieval_only_current_snapshot","dc1d3ee0ce3b6bfdaf6d7df6d58a1bc9e7d49b1b1a0f837e5c71573224486793","https://www.cbr.ru/press/pr/?file=26042024_133000key.htm","22c4ea56041865fc015333bad75f0e0a1dd0e47006b5130680169801d17d98e5","a8a9b06d86fba42554d454a6759d2727b70b716801b40db4e5ee61328f66f379","macro_policy","decision","neutral","False"
"4a3293c3e02007672a62e22a90724357493b372d7daf7426999ec3192ced875c","9414a5d78dc4a8fdb11d91b5e0cc6f5cb37d0ed9cadc8b945d5e091089293142","cbr","https://www.cbr.ru/press/pr/?file=26072024_133000Key.htm","www.cbr.ru","cbr_key_rate_decision_2024_07_26","2024-07-26 10:30:00+00:00","","","2026-10-07 01:21:46.193293+00:00","2026-10-07 01:21:46.193293+00:00","timestamp","","retrieval_only","dated_primary_release_unverified","retrieval_only_current_snapshot","c27192defffbc00a1475c8907ae12b45663ca659747dfa647cfbcfa579ea617f","https://www.cbr.ru/press/pr/?file=26072024_133000Key.htm","f6ddd3d0f6d038c9cbaa0ba745f828a33f68c3b53b07d24b7a9f8172ffc22513","270a7c0630f0d814b3dd05735e949a208780bd1197035576453f2b433ad74564","macro_policy","decision","unknown","False"
"96ced4a6e505e73d7ab7f56f5575de72f61ded68badf15817342c54f9b3c43fe","2f5cbb4309169a62cb26a71fd3f02de2d2232fa19c1b12f939dcfa5591c09163","cbr","https://www.cbr.ru/press/pr/?file=27102023_133000key.htm","www.cbr.ru","cbr_key_rate_decision_2023_10_27","2023-10-27 10:30:00+00:00","","","2026-10-07 01:21:47.651648+00:00","2026-10-07 01:21:47.651648+00:00","timestamp","","retrieval_only","dated_primary_release_unverified","retrieval_only_current_snapshot","61faeed0dacb92d2e029d813f05d6c14812dff27f300968d41145ada36e196ee","https://www.cbr.ru/press/pr/?file=27102023_133000key.htm","c6f9d262f022b20d2c525b8651a64576ea07de17394b71425f963bb2f4735c81","4432aaa5b5bec5b8367d1ceaf7e63b582794419a80881bb80340e694d59c2214","macro_policy","decision","unknown","False"
"d34e321162422ed0a9e758e10239f331fb3a847c515be89a1d9a88c4165289b4","092d52b3dbc25a0f1da6673d6962f196bf10ddbdf25a5fdc973be3f40a8916f6","cbr","https://www.cbr.ru/press/pr/?file=28042023_133000Key.htm","www.cbr.ru","cbr_key_rate_decision_2023_04_28","2023-04-28 10:30:00+00:00","","","2026-10-07 01:21:52.596849+00:00","2026-10-07 01:21:52.596849+00:00","timestamp","","retrieval_only","dated_primary_release_unverified","retrieval_only_current_snapshot","ae7e91564befd984b1757424b3ef6052cb7ae7bfde90307b46141cdb12908b89","https://www.cbr.ru/press/pr/?file=28042023_133000Key.htm","f19435210f5fcc5e099b3c81dcf37809103ed51220e36df01aab3e080a7839a3","6496beb56d3165013814486e7e225838c8a3cfb4b177ee0061d1e52a1573105c","macro_policy","decision","neutral","False"
